cell,pct_two_wheeler,pct_commercial,pct_car,pct_auto,pct_footpath,pct_mainroad,weekend_ratio,n,kmeans_cluster,archetype_key,archetype,intervention
17222_2886,0.756578947368421,0.019736842105263157,0.18421052631578946,0.03618421052631579,0.003289473684210526,0.04276315789473684,0.20723684210526316,304.0,0,two_wheeler_spillover,Two-wheeler spillover,Add two-wheeler parking supply; mark legal bays near transit/markets
17224_2880,0.12393162393162394,0.03418803418803419,0.7884615384615384,0.038461538461538464,0.0,0.021367521367521368,0.32905982905982906,468.0,1,cbd_car,CBD car parking,Occupancy-responsive paid parking (SFpark-style) + clear signage
17226_2874,0.6863270777479893,0.0777479892761394,0.11796246648793565,0.10991957104557641,0.0,0.05361930294906166,0.353887399463807,373.0,0,two_wheeler_spillover,Two-wheeler spillover,Add two-wheeler parking supply; mark legal bays near transit/markets
17226_2879,0.5517241379310345,0.07854406130268199,0.31800766283524906,0.04597701149425287,0.02681992337164751,0.23754789272030652,0.35823754789272033,522.0,0,footpath_encroachment,Footpath / main-road encroachment,Physical deterrents (bollards/chains) + sustained pedestrian-priority enforcement
17226_2897,0.13583815028901733,0.23121387283236994,0.2745664739884393,0.3439306358381503,0.008670520231213872,0.11849710982658959,0.2832369942196532,346.0,2,footpath_encroachment,Footpath / main-road encroachment,Physical deterrents (bollards/chains) + sustained pedestrian-priority enforcement
17227_2875,0.5671641791044776,0.20398009950248755,0.15422885572139303,0.03980099502487562,0.0,0.06467661691542288,0.23880597014925373,201.0,0,loading_corridor,Commercial / loading corridor,Designated timed loading bays + off-peak delivery windows; enforce during peak
17227_2900,1.0,0.0,0.0,0.0,0.0,0.0,0.152,250.0,0,two_wheeler_spillover,Two-wheeler spillover,Add two-wheeler parking supply; mark legal bays near transit/markets
17228_2880,0.9511698880976602,0.006103763987792472,0.03153611393692777,0.011190233977619531,0.003051881993896236,0.0,0.22583926754832145,983.0,0,two_wheeler_spillover,Two-wheeler spillover,Add two-wheeler parking supply; mark legal bays near transit/markets
17228_2890,0.12412177985948478,0.46604215456674475,0.3325526932084309,0.03044496487119438,0.0,0.5152224824355972,0.24355971896955503,427.0,2,footpath_encroachment,Footpath / main-road encroachment,Physical deterrents (bollards/chains) + sustained pedestrian-priority enforcement
17229_2881,0.933920704845815,0.00881057268722467,0.04405286343612335,0.013215859030837005,0.0,0.0,0.4845814977973568,227.0,0,two_wheeler_spillover,Two-wheeler spillover,Add two-wheeler parking supply; mark legal bays near transit/markets
17229_2892,0.1318181818181818,0.25227272727272726,0.4863636363636364,0.08636363636363636,0.00909090909090909,0.3068181818181818,0.24545454545454545,440.0,2,footpath_encroachment,Footpath / main-road encroachment,Physical deterrents (bollards/chains) + sustained pedestrian-priority enforcement
17229_2893,0.19174041297935104,0.4218289085545723,0.31268436578171094,0.05309734513274336,0.0,0.13274336283185842,0.23893805309734514,339.0,2,footpath_encroachment,Footpath / main-road encroachment,Physical deterrents (bollards/chains) + sustained pedestrian-priority enforcement
17230_2874,0.9221311475409836,0.036885245901639344,0.01639344262295082,0.020491803278688523,0.0,0.0,0.11065573770491803,244.0,0,two_wheeler_spillover,Two-wheeler spillover,Add two-wheeler parking supply; mark legal bays near transit/markets
17230_2881,0.6876590330788804,0.029580152671755726,0.2480916030534351,0.02862595419847328,0.003816793893129771,0.020038167938931296,0.37595419847328243,3144.0,0,two_wheeler_spillover,Two-wheeler spillover,Add two-wheeler parking supply; mark legal bays near transit/markets
17230_2882,0.5988304093567252,0.014035087719298246,0.3157894736842105,0.06315789473684211,0.005847953216374269,0.014035087719298246,0.2222222222222222,855.0,0,two_wheeler_spillover,Two-wheeler spillover,Add two-wheeler parking supply; mark legal bays near transit/markets
17230_2886,0.48693259972489683,0.015130674002751032,0.469050894085282,0.017881705639614855,0.002751031636863824,0.06052269601100413,0.2751031636863824,727.0,1,cbd_car,CBD car parking,Occupancy-responsive paid parking (SFpark-style) + clear signage
17230_2895,0.37902097902097903,0.18321678321678322,0.24475524475524477,0.18461538461538463,0.043356643356643354,0.14825174825174825,0.34405594405594403,715.0,2,footpath_encroachment,Footpath / main-road encroachment,Physical deterrents (bollards/chains) + sustained pedestrian-priority enforcement
17231_2878,0.5075803517283202,0.08793208004851426,0.20012128562765313,0.19830200121285627,0.0006064281382656155,0.13098847786537296,0.4269254093389933,1649.0,0,footpath_encroachment,Footpath / main-road encroachment,Physical deterrents (bollards/chains) + sustained pedestrian-priority enforcement
17231_2880,0.7097701149425287,0.017241379310344827,0.21551724137931033,0.05459770114942529,0.0028735632183908046,0.008620689655172414,0.2614942528735632,348.0,0,two_wheeler_spillover,Two-wheeler spillover,Add two-wheeler parking supply; mark legal bays near transit/markets
17231_2884,0.5452054794520548,0.04657534246575343,0.31232876712328766,0.08767123287671233,0.010958904109589041,0.030136986301369864,0.3506849315068493,365.0,0,two_wheeler_spillover,Two-wheeler spillover,Add two-wheeler parking supply; mark legal bays near transit/markets
17231_2888,0.5059920106524634,0.03062583222370173,0.43009320905459386,0.019973368841544607,0.002663115845539281,0.018641810918774968,0.29427430093209056,751.0,0,two_wheeler_spillover,Two-wheeler spillover,Add two-wheeler parking supply; mark legal bays near transit/markets
17231_2890,0.511520737327189,0.059907834101382486,0.3271889400921659,0.08294930875576037,0.004608294930875576,0.027649769585253458,0.35023041474654376,217.0,0,two_wheeler_spillover,Two-wheeler spillover,Add two-wheeler parking supply; mark legal bays near transit/markets
17231_2895,0.5916398713826366,0.08360128617363344,0.22508038585209003,0.08681672025723473,0.012861736334405145,0.10932475884244373,0.33762057877813506,311.0,0,footpath_encroachment,Footpath / main-road encroachment,Physical deterrents (bollards/chains) + sustained pedestrian-priority enforcement
17232_2881,0.6487804878048781,0.0975609756097561,0.15609756097560976,0.08780487804878048,0.0,0.004878048780487805,0.2926829268292683,205.0,0,two_wheeler_spillover,Two-wheeler spillover,Add two-wheeler parking supply; mark legal bays near transit/markets
17232_2882,0.7858627858627859,0.016632016632016633,0.09563409563409564,0.10187110187110188,0.02079002079002079,0.010395010395010396,0.30353430353430355,481.0,0,two_wheeler_spillover,Two-wheeler spillover,Add two-wheeler parking supply; mark legal bays near transit/markets
17232_2883,0.9211553473848556,0.0078064012490242,0.05776736924277908,0.01092896174863388,0.00624512099921936,0.013075722092115535,0.20160031225604996,5124.0,0,two_wheeler_spillover,Two-wheeler spillover,Add two-wheeler parking supply; mark legal bays near transit/markets
17232_2888,0.5800502933780386,0.027661357921207042,0.3537300922045264,0.024308466051969825,0.003352891869237217,0.05113160100586756,0.24224643755238895,1193.0,0,two_wheeler_spillover,Two-wheeler spillover,Add two-wheeler parking supply; mark legal bays near transit/markets
17232_2890,0.9245283018867925,0.007075471698113208,0.06367924528301887,0.0023584905660377358,0.0047169811320754715,0.009433962264150943,0.27122641509433965,424.0,0,two_wheeler_spillover,Two-wheeler spillover,Add two-wheeler parking supply; mark legal bays near transit/markets
17232_2901,0.41037735849056606,0.05188679245283019,0.49056603773584906,0.02830188679245283,0.0,0.018867924528301886,0.3443396226415094,212.0,1,cbd_car,CBD car parking,Occupancy-responsive paid parking (SFpark-style) + clear signage
17233_2872,0.8011869436201781,0.008902077151335312,0.16913946587537093,0.017804154302670624,0.005934718100890208,0.07418397626112759,0.1632047477744807,337.0,0,footpath_encroachment,Footpath / main-road encroachment,Physical deterrents (bollards/chains) + sustained pedestrian-priority enforcement
17233_2880,0.6238095238095238,0.06666666666666667,0.1619047619047619,0.14761904761904762,0.004761904761904762,0.04285714285714286,0.3333333333333333,210.0,0,two_wheeler_spillover,Two-wheeler spillover,Add two-wheeler parking supply; mark legal bays near transit/markets
17233_2882,0.9588377723970944,0.002421307506053269,0.008071025020177562,0.03066989507667474,0.0,0.002421307506053269,0.28490718321226793,1239.0,0,two_wheeler_spillover,Two-wheeler spillover,Add two-wheeler parking supply; mark legal bays near transit/markets
17233_2883,0.8454706927175843,0.05210183540556542,0.046181172291296625,0.05210183540556542,0.005920663114268798,0.008288928359976317,0.28833629366489044,1689.0,0,two_wheeler_spillover,Two-wheeler spillover,Add two-wheeler parking supply; mark legal bays near transit/markets
17233_2884,0.18769230769230769,0.2676923076923077,0.46153846153846156,0.027692307692307693,0.0,0.021538461538461538,0.4492307692307692,325.0,1,loading_corridor,Commercial / loading corridor,Designated timed loading bays + off-peak delivery windows; enforce during peak
17233_2885,0.5596026490066225,0.07119205298013245,0.3079470198675497,0.0347682119205298,0.004966887417218543,0.033112582781456956,0.3923841059602649,604.0,0,two_wheeler_spillover,Two-wheeler spillover,Add two-wheeler parking supply; mark legal bays near transit/markets
17233_2886,0.18568232662192394,0.2360178970917226,0.4798657718120805,0.06375838926174497,0.010067114093959731,0.14093959731543623,0.3277404921700224,894.0,1,footpath_encroachment,Footpath / main-road encroachment,Physical deterrents (bollards/chains) + sustained pedestrian-priority enforcement
17233_2887,0.18013245033112582,0.40927152317880794,0.3443708609271523,0.038410596026490065,0.0,0.0013245033112582781,0.24900662251655628,755.0,1,loading_corridor,Commercial / loading corridor,Designated timed loading bays + off-peak delivery windows; enforce during peak
17233_2888,0.6951039790404454,0.01375470771246111,0.24660225970198132,0.03864417881120026,0.0001637465203864418,0.015392172916325528,0.29212379236941216,6107.0,0,two_wheeler_spillover,Two-wheeler spillover,Add two-wheeler parking supply; mark legal bays near transit/markets
17233_2889,0.29147286821705426,0.024031007751937984,0.6519379844961241,0.023255813953488372,0.0,0.0007751937984496124,0.27596899224806204,1290.0,1,cbd_car,CBD car parking,Occupancy-responsive paid parking (SFpark-style) + clear signage
17233_2890,0.6205923836389281,0.1311706629055007,0.21297602256699577,0.029619181946403384,0.0,0.0028208744710860366,0.2764456981664316,709.0,0,two_wheeler_spillover,Two-wheeler spillover,Add two-wheeler parking supply; mark legal bays near transit/markets
17233_2891,0.14233409610983982,0.07917620137299772,0.5949656750572082,0.1496567505720824,0.0,0.0036613272311212816,0.4247139588100686,2185.0,1,cbd_car,CBD car parking,Occupancy-responsive paid parking (SFpark-style) + clear signage
17234_2880,0.46284501061571126,0.1613588110403397,0.18259023354564755,0.16985138004246284,0.0,0.1613588110403397,0.31210191082802546,471.0,2,footpath_encroachment,Footpath / main-road encroachment,Physical deterrents (bollards/chains) + sustained pedestrian-priority enforcement
17234_2881,0.48756218905472637,0.04975124378109453,0.14925373134328357,0.30845771144278605,0.004975124378109453,0.1791044776119403,0.23383084577114427,201.0,2,footpath_encroachment,Footpath / main-road encroachment,Physical deterrents (bollards/chains) + sustained pedestrian-priority enforcement
17234_2884,0.4131578947368421,0.09473684210526316,0.3236842105263158,0.1631578947368421,0.002631578947368421,0.07631578947368421,0.2789473684210526,380.0,0,footpath_encroachment,Footpath / main-road encroachment,Physical deterrents (bollards/chains) + sustained pedestrian-priority enforcement
17234_2885,0.49727767695099817,0.045372050816696916,0.3793103448275862,0.06533575317604355,0.0,0.0027223230490018148,0.3203266787658802,1102.0,0,cbd_car,CBD car parking,Occupancy-responsive paid parking (SFpark-style) + clear signage
17234_2886,0.3502626970227671,0.08231173380035026,0.3362521891418564,0.2171628721541156,0.0,0.0017513134851138354,0.2521891418563923,571.0,1,loading_corridor,Commercial / loading corridor,Designated timed loading bays + off-peak delivery windows; enforce during peak
17234_2887,0.1735632183908046,0.20344827586206896,0.5252873563218391,0.09195402298850575,0.0,0.06321839080459771,0.267816091954023,870.0,1,loading_corridor,Commercial / loading corridor,Designated timed loading bays + off-peak delivery windows; enforce during peak
17234_2888,0.7412844036697248,0.03302752293577982,0.1559633027522936,0.062385321100917435,0.0,0.001834862385321101,0.4036697247706422,545.0,0,two_wheeler_spillover,Two-wheeler spillover,Add two-wheeler parking supply; mark legal bays near transit/markets
17234_2889,0.5328947368421053,0.04276315789473684,0.3684210526315789,0.039473684210526314,0.003289473684210526,0.0,0.5131578947368421,304.0,0,two_wheeler_spillover,Two-wheeler spillover,Add two-wheeler parking supply; mark legal bays near transit/markets
17234_2890,0.36325678496868474,0.027438115120787355,0.569937369519833,0.03042051893826424,0.0,0.00029824038174768865,0.37906352520131226,3353.0,1,cbd_car,CBD car parking,Occupancy-responsive paid parking (SFpark-style) + clear signage
17234_2891,0.3386572820790471,0.08879263670817542,0.23226854358419058,0.3370330265295073,0.0002707092582566324,0.004331348132106118,0.3595018949648078,3694.0,2,loading_corridor,Commercial / loading corridor,Designated timed loading bays + off-peak delivery windows; enforce during peak
17234_2892,0.1422924901185771,0.09090909090909091,0.47035573122529645,0.2885375494071146,0.003952569169960474,0.5731225296442688,0.43873517786561267,253.0,2,footpath_encroachment,Footpath / main-road encroachment,Physical deterrents (bollards/chains) + sustained pedestrian-priority enforcement
17235_2883,0.8012048192771084,0.04096385542168675,0.05903614457831325,0.0963855421686747,0.0012048192771084338,0.03493975903614458,0.3006024096385542,1660.0,0,two_wheeler_spillover,Two-wheeler spillover,Add two-wheeler parking supply; mark legal bays near transit/markets
17235_2884,0.6636771300448431,0.06726457399103139,0.1367713004484305,0.12556053811659193,0.004484304932735426,0.08071748878923767,0.336322869955157,446.0,0,footpath_encroachment,Footpath / main-road encroachment,Physical deterrents (bollards/chains) + sustained pedestrian-priority enforcement
17235_2885,0.5399361022364217,0.05750798722044728,0.3801916932907348,0.01597444089456869,0.054313099041533544,0.003194888178913738,0.3450479233226837,313.0,0,footpath_encroachment,Footpath / main-road encroachment,Physical deterrents (bollards/chains) + sustained pedestrian-priority enforcement
17236_2864,0.8221476510067114,0.010067114093959731,0.05704697986577181,0.11073825503355705,0.003355704697986577,0.006711409395973154,0.19463087248322147,298.0,0,two_wheeler_spillover,Two-wheeler spillover,Add two-wheeler parking supply; mark legal bays near transit/markets
17236_2884,0.3815261044176707,0.10441767068273092,0.2248995983935743,0.27309236947791166,0.1927710843373494,0.024096385542168676,0.26907630522088355,249.0,2,footpath_encroachment,Footpath / main-road encroachment,Physical deterrents (bollards/chains) + sustained pedestrian-priority enforcement
17236_2888,0.7736842105263158,0.028070175438596492,0.16666666666666666,0.02280701754385965,0.0,0.0017543859649122807,0.23859649122807017,570.0,0,two_wheeler_spillover,Two-wheeler spillover,Add two-wheeler parking supply; mark legal bays near transit/markets
17237_2875,0.3542600896860987,0.017937219730941704,0.5874439461883408,0.04035874439461883,0.0,0.013452914798206279,0.3721973094170404,223.0,1,cbd_car,CBD car parking,Occupancy-responsive paid parking (SFpark-style) + clear signage
17237_2876,0.45633187772925765,0.04585152838427948,0.43231441048034935,0.06331877729257641,0.0,0.028384279475982533,0.3537117903930131,458.0,1,cbd_car,CBD car parking,Occupancy-responsive paid parking (SFpark-style) + clear signage
17237_2879,0.5123152709359606,0.07389162561576355,0.29064039408866993,0.11330049261083744,0.014778325123152709,0.23645320197044334,0.2955665024630542,203.0,0,footpath_encroachment,Footpath / main-road encroachment,Physical deterrents (bollards/chains) + sustained pedestrian-priority enforcement
17237_2883,0.07524454477050414,0.025583145221971408,0.07750188111361926,0.8201655379984951,0.0015048908954100827,0.14672686230248308,0.3401053423626787,1329.0,2,footpath_encroachment,Footpath / main-road encroachment,Physical deterrents (bollards/chains) + sustained pedestrian-priority enforcement
17237_2888,0.21084864391951005,0.024496937882764653,0.5450568678915135,0.2152230971128609,0.0017497812773403325,0.01399825021872266,0.37707786526684167,1143.0,1,loading_corridor,Commercial / loading corridor,Designated timed loading bays + off-peak delivery windows; enforce during peak
17237_2889,0.26869806094182824,0.024930747922437674,0.3850415512465374,0.29916897506925205,0.0,0.01662049861495845,0.25761772853185594,361.0,1,loading_corridor,Commercial / loading corridor,Designated timed loading bays + off-peak delivery windows; enforce during peak
17237_2890,0.40946372239747636,0.022712933753943218,0.5085173501577287,0.05110410094637224,0.0,0.0018927444794952682,0.25236593059936907,1585.0,1,cbd_car,CBD car parking,Occupancy-responsive paid parking (SFpark-style) + clear signage
17238_2869,0.30869565217391304,0.33043478260869563,0.18695652173913044,0.16956521739130434,0.0,0.02608695652173913,0.5739130434782609,230.0,2,loading_corridor,Commercial / loading corridor,Designated timed loading bays + off-peak delivery windows; enforce during peak
17238_2870,0.5733082706766918,0.15413533834586465,0.039473684210526314,0.22932330827067668,0.0018796992481203006,0.015037593984962405,0.36278195488721804,532.0,0,loading_corridor,Commercial / loading corridor,Designated timed loading bays + off-peak delivery windows; enforce during peak
17238_2875,0.71484375,0.0234375,0.2265625,0.03515625,0.0,0.00390625,0.234375,256.0,0,two_wheeler_spillover,Two-wheeler spillover,Add two-wheeler parking supply; mark legal bays near transit/markets
17238_2876,0.6553878188443519,0.01978136387298282,0.2431025507548152,0.0801665799062988,0.0,0.038521603331598125,0.3149401353461739,1921.0,0,two_wheeler_spillover,Two-wheeler spillover,Add two-wheeler parking supply; mark legal bays near transit/markets
17238_2879,0.47491638795986624,0.25418060200668896,0.1505016722408027,0.10367892976588629,0.0,0.030100334448160536,0.18394648829431437,299.0,0,loading_corridor,Commercial / loading corridor,Designated timed loading bays + off-peak delivery windows; enforce during peak
17238_2881,0.24309978768577495,0.28910120311394194,0.2013446567586695,0.2632696390658174,0.0007077140835102619,0.173036093418259,0.35987261146496813,2826.0,2,footpath_encroachment,Footpath / main-road encroachment,Physical deterrents (bollards/chains) + sustained pedestrian-priority enforcement
17238_2882,0.5822784810126582,0.189873417721519,0.060126582278481014,0.16455696202531644,0.0,0.05063291139240506,0.26582278481012656,316.0,0,loading_corridor,Commercial / loading corridor,Designated timed loading bays + off-peak delivery windows; enforce during peak
17238_2883,0.3595933926302414,0.1318297331639136,0.3008259212198221,0.1883735705209657,0.0025412960609911056,0.03176620076238882,0.35387547649301143,3148.0,1,loading_corridor,Commercial / loading corridor,Designated timed loading bays + off-peak delivery windows; enforce during peak
17238_2884,0.2394470501110837,0.1624290298691681,0.3480622068625031,0.2337694396445322,0.0024685262898049864,0.033325104912367315,0.365341890891138,4051.0,2,loading_corridor,Commercial / loading corridor,Designated timed loading bays + off-peak delivery windows; enforce during peak
17238_2885,0.09090909090909091,0.06060606060606061,0.7666666666666667,0.07272727272727272,0.0,0.01818181818181818,0.26666666666666666,330.0,1,cbd_car,CBD car parking,Occupancy-responsive paid parking (SFpark-style) + clear signage
17238_2886,0.46579194001874413,0.04217432052483599,0.3701968134957826,0.11246485473289597,0.006560449859418931,0.010309278350515464,0.2849109653233365,1067.0,0,cbd_car,CBD car parking,Occupancy-responsive paid parking (SFpark-style) + clear signage
17238_2887,0.34751131221719456,0.027149321266968326,0.4805429864253394,0.13031674208144797,0.005429864253393665,0.0036199095022624436,0.269683257918552,1105.0,1,cbd_car,CBD car parking,Occupancy-responsive paid parking (SFpark-style) + clear signage
17238_2888,0.3056900726392252,0.02784503631961259,0.4533898305084746,0.20399515738498789,0.0012106537530266344,0.007869249394673124,0.3765133171912833,1652.0,1,loading_corridor,Commercial / loading corridor,Designated timed loading bays + off-peak delivery windows; enforce during peak
17238_2889,0.21062618595825428,0.017077798861480076,0.5749525616698292,0.1859582542694497,0.003795066413662239,0.0056925996204933585,0.3927893738140417,527.0,1,loading_corridor,Commercial / loading corridor,Designated timed loading bays + off-peak delivery windows; enforce during peak
17238_2890,0.33377837116154874,0.020471740097908322,0.5936804628393414,0.04361370716510903,0.0004450378282153983,0.0004450378282153983,0.3689363595905652,2247.0,1,cbd_car,CBD car parking,Occupancy-responsive paid parking (SFpark-style) + clear signage
17238_2895,0.25036390101892286,0.02911208151382824,0.6899563318777293,0.011644832605531296,0.00727802037845706,0.0,0.26200873362445415,687.0,1,cbd_car,CBD car parking,Occupancy-responsive paid parking (SFpark-style) + clear signage
17238_2899,0.5467289719626168,0.11214953271028037,0.3317757009345794,0.009345794392523364,0.0,0.0,0.2897196261682243,214.0,0,two_wheeler_spillover,Two-wheeler spillover,Add two-wheeler parking supply; mark legal bays near transit/markets
17239_2870,0.33497536945812806,0.08866995073891626,0.4975369458128079,0.059113300492610835,0.014778325123152709,0.08866995073891626,0.2660098522167488,203.0,1,footpath_encroachment,Footpath / main-road encroachment,Physical deterrents (bollards/chains) + sustained pedestrian-priority enforcement
17239_2875,0.15416666666666667,0.05,0.7791666666666667,0.0125,0.0,0.004166666666666667,0.26666666666666666,240.0,1,cbd_car,CBD car parking,Occupancy-responsive paid parking (SFpark-style) + clear signage
17239_2879,0.3541324575807334,0.33388067870826493,0.10837438423645321,0.17569786535303777,0.002736726874657909,0.029556650246305417,0.331143951833607,1827.0,2,loading_corridor,Commercial / loading corridor,Designated timed loading bays + off-peak delivery windows; enforce during peak
17239_2880,0.46436659118156387,0.11948847742107366,0.1606500599440522,0.25096576528573333,0.0011988810443585986,0.03303583322232583,0.3018516051685094,7507.0,0,loading_corridor,Commercial / loading corridor,Designated timed loading bays + off-peak delivery windows; enforce during peak
17239_2881,0.7841618785910567,0.07244566575068699,0.05720709467899076,0.0849362977766675,0.0002498126405196103,0.007744191856107919,0.2740444666500125,4003.0,0,two_wheeler_spillover,Two-wheeler spillover,Add two-wheeler parking supply; mark legal bays near transit/markets
17239_2882,0.7052331790672838,0.09042363830544678,0.07208971164115344,0.12922748309006765,0.011035955856176576,0.01673193307226771,0.33143467426130296,5618.0,0,two_wheeler_spillover,Two-wheeler spillover,Add two-wheeler parking supply; mark legal bays near transit/markets
17239_2883,0.54530515101717,0.05938686462288208,0.2938743129143764,0.09338697795659319,0.006743355811186037,0.014506715022383408,0.34498781662605543,17647.0,0,two_wheeler_spillover,Two-wheeler spillover,Add two-wheeler parking supply; mark legal bays near transit/markets
17239_2884,0.12904053360697793,0.11031298101590559,0.6900974858902001,0.05643919958953309,0.008465879938429965,0.006413545407901488,0.29707542329399694,3898.0,1,cbd_car,CBD car parking,Occupancy-responsive paid parking (SFpark-style) + clear signage
17239_2885,0.16666666666666666,0.12551440329218108,0.5781893004115226,0.11934156378600823,0.0,0.0205761316872428,0.31275720164609055,486.0,1,cbd_car,CBD car parking,Occupancy-responsive paid parking (SFpark-style) + clear signage
17239_2886,0.29906542056074764,0.037383177570093455,0.6261682242990654,0.018691588785046728,0.0,0.06074766355140187,0.2102803738317757,214.0,1,cbd_car,CBD car parking,Occupancy-responsive paid parking (SFpark-style) + clear signage
17239_2894,0.2507204610951009,0.10951008645533142,0.5763688760806917,0.06051873198847262,0.0,0.011527377521613832,0.2824207492795389,347.0,1,cbd_car,CBD car parking,Occupancy-responsive paid parking (SFpark-style) + clear signage
17239_2899,0.7488479262672811,0.09216589861751152,0.10138248847926268,0.04608294930875576,0.001152073732718894,0.0,0.3513824884792627,868.0,0,two_wheeler_spillover,Two-wheeler spillover,Add two-wheeler parking supply; mark legal bays near transit/markets
17240_2871,0.6821705426356589,0.023255813953488372,0.26356589147286824,0.031007751937984496,0.0,0.015503875968992248,0.3992248062015504,258.0,0,two_wheeler_spillover,Two-wheeler spillover,Add two-wheeler parking supply; mark legal bays near transit/markets
17240_2872,0.5227272727272727,0.013986013986013986,0.44405594405594406,0.008741258741258742,0.0,0.005244755244755245,0.28496503496503495,572.0,0,two_wheeler_spillover,Two-wheeler spillover,Add two-wheeler parking supply; mark legal bays near transit/markets
17240_2873,0.5465587044534413,0.010121457489878543,0.4109311740890688,0.027327935222672066,0.0020242914979757085,0.019230769230769232,0.39271255060728744,988.0,0,two_wheeler_spillover,Two-wheeler spillover,Add two-wheeler parking supply; mark legal bays near transit/markets
17240_2875,0.8130252100840336,0.004201680672268907,0.16596638655462184,0.014705882352941176,0.0,0.0,0.3802521008403361,476.0,0,two_wheeler_spillover,Two-wheeler spillover,Add two-wheeler parking supply; mark legal bays near transit/markets
17240_2878,0.2885572139303483,0.13930348258706468,0.4228855721393035,0.14925373134328357,0.0,0.04975124378109453,0.23383084577114427,201.0,1,cbd_car,CBD car parking,Occupancy-responsive paid parking (SFpark-style) + clear signage
17240_2879,0.49554896142433236,0.26112759643916916,0.19584569732937684,0.04451038575667656,0.008902077151335312,0.09198813056379822,0.28486646884273,337.0,0,footpath_encroachment,Footpath / main-road encroachment,Physical deterrents (bollards/chains) + sustained pedestrian-priority enforcement
17240_2880,0.47853535353535354,0.1856060606060606,0.24368686868686867,0.08585858585858586,0.0008417508417508417,0.030303030303030304,0.3354377104377104,2376.0,0,loading_corridor,Commercial / loading corridor,Designated timed loading bays + off-peak delivery windows; enforce during peak
17240_2881,0.6458333333333334,0.11842105263157894,0.0800438596491228,0.14967105263157895,0.0,0.021929824561403508,0.31030701754385964,1824.0,0,two_wheeler_spillover,Two-wheeler spillover,Add two-wheeler parking supply; mark legal bays near transit/markets
17240_2882,0.4994110718492344,0.05653710247349823,0.22968197879858657,0.20023557126030625,0.009422850412249705,0.011778563015312132,0.3498233215547703,849.0,0,loading_corridor,Commercial / loading corridor,Designated timed loading bays + off-peak delivery windows; enforce during peak
17240_2883,0.09994821336095287,0.22061108234075608,0.5111341273951321,0.14241325737959606,0.004142931123770067,0.02900051786639047,0.3112377006732263,1931.0,1,loading_corridor,Commercial / loading corridor,Designated timed loading bays + off-peak delivery windows; enforce during peak
17240_2884,0.4133476856835307,0.11302475780409042,0.4058127018299246,0.0527448869752422,0.002152852529601722,0.005382131324004306,0.2938643702906351,929.0,1,cbd_car,CBD car parking,Occupancy-responsive paid parking (SFpark-style) + clear signage
17240_2888,0.44086021505376344,0.030107526881720432,0.5118279569892473,0.012903225806451613,0.012903225806451613,0.04946236559139785,0.25806451612903225,465.0,1,cbd_car,CBD car parking,Occupancy-responsive paid parking (SFpark-style) + clear signage
17241_2869,0.45993031358885017,0.04529616724738676,0.46689895470383275,0.027874564459930314,0.003484320557491289,0.11498257839721254,0.3832752613240418,287.0,1,footpath_encroachment,Footpath / main-road encroachment,Physical deterrents (bollards/chains) + sustained pedestrian-priority enforcement
17241_2872,0.4402390438247012,0.021912350597609563,0.5099601593625498,0.013944223107569721,0.0199203187250996,0.1394422310756972,0.43227091633466136,502.0,1,footpath_encroachment,Footpath / main-road encroachment,Physical deterrents (bollards/chains) + sustained pedestrian-priority enforcement
17241_2873,0.4707692307692308,0.015384615384615385,0.49538461538461537,0.015384615384615385,0.012307692307692308,0.006153846153846154,0.3384615384615385,325.0,1,cbd_car,CBD car parking,Occupancy-responsive paid parking (SFpark-style) + clear signage
17241_2874,0.8608058608058609,0.003663003663003663,0.12087912087912088,0.01098901098901099,0.0,0.0,0.34798534798534797,273.0,0,two_wheeler_spillover,Two-wheeler spillover,Add two-wheeler parking supply; mark legal bays near transit/markets
17241_2878,0.19672131147540983,0.05737704918032787,0.6612021857923497,0.06830601092896176,0.00546448087431694,0.0,0.33879781420765026,366.0,1,cbd_car,CBD car parking,Occupancy-responsive paid parking (SFpark-style) + clear signage
17241_2879,0.3392461197339246,0.08647450110864745,0.4146341463414634,0.14412416851441243,0.013303769401330377,0.004434589800443459,0.23725055432372505,451.0,1,cbd_car,CBD car parking,Occupancy-responsive paid parking (SFpark-style) + clear signage
17241_2880,0.2188679245283019,0.37735849056603776,0.2679245283018868,0.11320754716981132,0.007547169811320755,0.033962264150943396,0.3471698113207547,265.0,2,loading_corridor,Commercial / loading corridor,Designated timed loading bays + off-peak delivery windows; enforce during peak
17241_2881,0.4882075471698113,0.14150943396226415,0.21816037735849056,0.1391509433962264,0.0023584905660377358,0.01061320754716981,0.23231132075471697,848.0,0,cbd_car,CBD car parking,Occupancy-responsive paid parking (SFpark-style) + clear signage
17241_2886,0.9748633879781421,0.002185792349726776,0.01639344262295082,0.006557377049180328,0.0,0.001092896174863388,0.28743169398907104,915.0,0,two_wheeler_spillover,Two-wheeler spillover,Add two-wheeler parking supply; mark legal bays near transit/markets
17241_2887,0.862547288776797,0.018915510718789406,0.06305170239596469,0.05170239596469105,0.0,0.012610340479192938,0.3064312736443884,793.0,0,two_wheeler_spillover,Two-wheeler spillover,Add two-wheeler parking supply; mark legal bays near transit/markets
17241_2894,0.3217391304347826,0.12391304347826088,0.391304347826087,0.14565217391304347,0.0,0.002173913043478261,0.2608695652173913,460.0,1,cbd_car,CBD car parking,Occupancy-responsive paid parking (SFpark-style) + clear signage
17241_2896,0.5173992673992674,0.04212454212454213,0.34615384615384615,0.08882783882783883,0.007326007326007326,0.0009157509157509158,0.26282051282051283,1092.0,0,two_wheeler_spillover,Two-wheeler spillover,Add two-wheeler parking supply; mark legal bays near transit/markets
17241_2902,0.1953125,0.046875,0.73828125,0.01953125,0.00390625,0.01171875,0.39453125,256.0,1,cbd_car,CBD car parking,Occupancy-responsive paid parking (SFpark-style) + clear signage
17241_2904,0.8929686065724252,0.003855333210941803,0.09473104461171288,0.008261428309161005,0.038369744813658895,0.003855333210941803,0.29924729208738754,5447.0,0,two_wheeler_spillover,Two-wheeler spillover,Add two-wheeler parking supply; mark legal bays near transit/markets
17242_2878,0.34421364985163205,0.10385756676557864,0.44510385756676557,0.09198813056379822,0.017804154302670624,0.008902077151335312,0.3857566765578635,337.0,1,cbd_car,CBD car parking,Occupancy-responsive paid parking (SFpark-style) + clear signage
17242_2883,0.6965317919075145,0.005780346820809248,0.2658959537572254,0.028901734104046242,0.0,0.12716763005780346,0.20520231213872833,346.0,0,footpath_encroachment,Footpath / main-road encroachment,Physical deterrents (bollards/chains) + sustained pedestrian-priority enforcement
17242_2884,0.5497630331753555,0.04265402843601896,0.3033175355450237,0.0995260663507109,0.0,0.12796208530805686,0.0995260663507109,211.0,0,footpath_encroachment,Footpath / main-road encroachment,Physical deterrents (bollards/chains) + sustained pedestrian-priority enforcement
17242_2886,0.3549618320610687,0.011450381679389313,0.6106870229007634,0.015267175572519083,0.015267175572519083,0.007633587786259542,0.3473282442748092,262.0,1,cbd_car,CBD car parking,Occupancy-responsive paid parking (SFpark-style) + clear signage
17242_2887,0.9190404797601199,0.004497751124437781,0.06596701649175413,0.005997001499250375,0.0029985007496251873,0.0074962518740629685,0.2901049475262369,1334.0,0,two_wheeler_spillover,Two-wheeler spillover,Add two-wheeler parking supply; mark legal bays near transit/markets
17242_2893,0.6909871244635193,0.0,0.26609442060085836,0.030042918454935622,0.0,0.004291845493562232,0.1072961373390558,233.0,0,two_wheeler_spillover,Two-wheeler spillover,Add two-wheeler parking supply; mark legal bays near transit/markets
17242_2894,0.5914396887159533,0.042801556420233464,0.311284046692607,0.03501945525291829,0.0,0.007782101167315175,0.1867704280155642,257.0,0,two_wheeler_spillover,Two-wheeler spillover,Add two-wheeler parking supply; mark legal bays near transit/markets
17242_2896,0.6830754805438349,0.029535864978902954,0.12048757618377871,0.16643225503984999,0.0014064697609001407,0.0,0.2906704172526957,2133.0,0,loading_corridor,Commercial / loading corridor,Designated timed loading bays + off-peak delivery windows; enforce during peak
17242_2897,0.5708333333333333,0.14583333333333334,0.16666666666666666,0.1,0.0,0.0,0.2708333333333333,240.0,0,two_wheeler_spillover,Two-wheeler spillover,Add two-wheeler parking supply; mark legal bays near transit/markets
17242_2899,0.6363636363636364,0.023923444976076555,0.2679425837320574,0.06220095693779904,0.0,0.009569377990430622,0.33014354066985646,209.0,0,two_wheeler_spillover,Two-wheeler spillover,Add two-wheeler parking supply; mark legal bays near transit/markets
17242_2900,0.3779527559055118,0.07611548556430446,0.46981627296587924,0.05511811023622047,0.005249343832020997,0.023622047244094488,0.4671916010498688,381.0,1,cbd_car,CBD car parking,Occupancy-responsive paid parking (SFpark-style) + clear signage
17242_2901,0.04878048780487805,0.06968641114982578,0.8606271777003485,0.0,0.013937282229965157,0.003484320557491289,0.3554006968641115,287.0,1,cbd_car,CBD car parking,Occupancy-responsive paid parking (SFpark-style) + clear signage
17242_2902,0.17275747508305647,0.06976744186046512,0.7242524916943521,0.016611295681063124,0.006644518272425249,0.016611295681063124,0.2292358803986711,301.0,1,cbd_car,CBD car parking,Occupancy-responsive paid parking (SFpark-style) + clear signage
17242_2903,0.463768115942029,0.033816425120772944,0.4830917874396135,0.00966183574879227,0.00966183574879227,0.024154589371980676,0.47342995169082125,207.0,1,cbd_car,CBD car parking,Occupancy-responsive paid parking (SFpark-style) + clear signage
17242_2904,0.3958333333333333,0.07118055555555555,0.4392361111111111,0.08506944444444445,0.006944444444444444,0.017361111111111112,0.375,576.0,1,cbd_car,CBD car parking,Occupancy-responsive paid parking (SFpark-style) + clear signage
17243_2861,0.7947269303201506,0.022598870056497175,0.160075329566855,0.022598870056497175,0.0,0.0018832391713747645,0.2975517890772128,531.0,0,two_wheeler_spillover,Two-wheeler spillover,Add two-wheeler parking supply; mark legal bays near transit/markets
17243_2870,0.47863247863247865,0.09401709401709402,0.37606837606837606,0.038461538461538464,0.46153846153846156,0.26495726495726496,0.5641025641025641,234.0,3,footpath_encroachment,Footpath / main-road encroachment,Physical deterrents (bollards/chains) + sustained pedestrian-priority enforcement
17243_2876,0.5595854922279793,0.046632124352331605,0.24870466321243523,0.14248704663212436,0.0,0.0025906735751295338,0.3601036269430052,386.0,0,two_wheeler_spillover,Two-wheeler spillover,Add two-wheeler parking supply; mark legal bays near transit/markets
17243_2880,0.9375,0.038461538461538464,0.014423076923076924,0.004807692307692308,0.0,0.007211538461538462,0.15144230769230768,416.0,0,two_wheeler_spillover,Two-wheeler spillover,Add two-wheeler parking supply; mark legal bays near transit/markets
17243_2882,0.36116910229645094,0.05741127348643006,0.5229645093945721,0.04384133611691023,0.0010438413361169101,0.04801670146137787,0.3068893528183716,958.0,1,cbd_car,CBD car parking,Occupancy-responsive paid parking (SFpark-style) + clear signage
17243_2884,0.5121951219512195,0.02032520325203252,0.34146341463414637,0.1016260162601626,0.012195121951219513,0.02032520325203252,0.21138211382113822,246.0,0,two_wheeler_spillover,Two-wheeler spillover,Add two-wheeler parking supply; mark legal bays near transit/markets
17243_2909,0.8601895734597157,0.018957345971563982,0.1066350710900474,0.009478672985781991,0.002369668246445498,0.016587677725118485,0.41706161137440756,422.0,0,two_wheeler_spillover,Two-wheeler spillover,Add two-wheeler parking supply; mark legal bays near transit/markets
17244_2868,0.8627450980392157,0.017973856209150325,0.05392156862745098,0.06535947712418301,0.0,0.026143790849673203,0.3954248366013072,612.0,0,two_wheeler_spillover,Two-wheeler spillover,Add two-wheeler parking supply; mark legal bays near transit/markets
17244_2880,0.9037698412698413,0.01488095238095238,0.050595238095238096,0.026785714285714284,0.0,0.000992063492063492,0.2400793650793651,1008.0,0,two_wheeler_spillover,Two-wheeler spillover,Add two-wheeler parking supply; mark legal bays near transit/markets
17244_2884,0.8768939393939394,0.01231060606060606,0.07765151515151515,0.028882575757575756,0.029356060606060608,0.0023674242424242425,0.19460227272727273,2112.0,0,two_wheeler_spillover,Two-wheeler spillover,Add two-wheeler parking supply; mark legal bays near transit/markets
17244_2885,0.21012658227848102,0.11139240506329114,0.379746835443038,0.29620253164556964,0.005063291139240506,0.16455696202531644,0.389873417721519,395.0,2,footpath_encroachment,Footpath / main-road encroachment,Physical deterrents (bollards/chains) + sustained pedestrian-priority enforcement
17244_2886,0.37524950099800397,0.11776447105788423,0.2964071856287425,0.2055888223552894,0.001996007984031936,0.007984031936127744,0.2884231536926148,1002.0,0,loading_corridor,Commercial / loading corridor,Designated timed loading bays + off-peak delivery windows; enforce during peak
17244_2910,0.5183727034120735,0.1942257217847769,0.17716535433070865,0.08136482939632546,0.0,0.013123359580052493,0.22572178477690288,762.0,0,loading_corridor,Commercial / loading corridor,Designated timed loading bays + off-peak delivery windows; enforce during peak
17245_2869,0.7005208333333334,0.0390625,0.21875,0.036458333333333336,0.0026041666666666665,0.0026041666666666665,0.3802083333333333,384.0,0,two_wheeler_spillover,Two-wheeler spillover,Add two-wheeler parking supply; mark legal bays near transit/markets
17245_2873,0.9037900874635568,0.026239067055393587,0.04664723032069971,0.01749271137026239,0.0029154518950437317,0.04664723032069971,0.3556851311953353,343.0,0,two_wheeler_spillover,Two-wheeler spillover,Add two-wheeler parking supply; mark legal bays near transit/markets
17245_2882,0.6337209302325582,0.0188953488372093,0.29796511627906974,0.024709302325581394,0.055232558139534885,0.14098837209302326,0.38226744186046513,688.0,0,footpath_encroachment,Footpath / main-road encroachment,Physical deterrents (bollards/chains) + sustained pedestrian-priority enforcement
17245_2884,0.6640730717185386,0.04533152909336942,0.2259810554803789,0.06190798376184033,0.007104194857916103,0.03349120433017591,0.43267929634641406,2956.0,0,two_wheeler_spillover,Two-wheeler spillover,Add two-wheeler parking supply; mark legal bays near transit/markets
17245_2885,0.22097871406627168,0.028966425279789335,0.11279350449857363,0.6357252578450735,0.0008777704630239193,0.037744129910028526,0.3274083827079219,4557.0,2,loading_corridor,Commercial / loading corridor,Designated timed loading bays + off-peak delivery windows; enforce during peak
17246_2869,0.5477178423236515,0.058091286307053944,0.33195020746887965,0.05394190871369295,0.0,0.0,0.5643153526970954,241.0,0,two_wheeler_spillover,Two-wheeler spillover,Add two-wheeler parking supply; mark legal bays near transit/markets
17246_2873,0.29846153846153844,0.2523076923076923,0.36,0.08307692307692308,0.0,0.4338461538461538,0.3046153846153846,325.0,2,footpath_encroachment,Footpath / main-road encroachment,Physical deterrents (bollards/chains) + sustained pedestrian-priority enforcement
17246_2882,0.48036951501154734,0.07390300230946882,0.2517321016166282,0.19168591224018475,0.0023094688221709007,0.03002309468822171,0.3810623556581986,433.0,0,loading_corridor,Commercial / loading corridor,Designated timed loading bays + off-peak delivery windows; enforce during peak
17246_2883,0.508833922261484,0.03180212014134275,0.27385159010600707,0.1784452296819788,0.0017667844522968198,0.03356890459363958,0.4823321554770318,566.0,0,loading_corridor,Commercial / loading corridor,Designated timed loading bays + off-peak delivery windows; enforce during peak
17246_2884,0.3493680884676145,0.03333333333333333,0.21658767772511847,0.39873617693522906,0.004502369668246445,0.013902053712480253,0.3996050552922591,12660.0,2,loading_corridor,Commercial / loading corridor,Designated timed loading bays + off-peak delivery windows; enforce during peak
17246_2885,0.8244328097731239,0.008027923211169284,0.08516579406631762,0.08202443280977312,0.002443280977312391,0.013612565445026177,0.3507853403141361,2865.0,0,two_wheeler_spillover,Two-wheeler spillover,Add two-wheeler parking supply; mark legal bays near transit/markets
17246_2887,0.32978723404255317,0.0549645390070922,0.5053191489361702,0.09574468085106383,0.005319148936170213,0.040780141843971635,0.26773049645390073,564.0,1,cbd_car,CBD car parking,Occupancy-responsive paid parking (SFpark-style) + clear signage
17246_2888,0.6243169398907104,0.023224043715846996,0.1721311475409836,0.18032786885245902,0.11065573770491803,0.00546448087431694,0.3128415300546448,732.0,0,footpath_encroachment,Footpath / main-road encroachment,Physical deterrents (bollards/chains) + sustained pedestrian-priority enforcement
17247_2874,0.5525383707201889,0.04132231404958678,0.31286894923258557,0.0885478158205431,0.0035419126328217238,0.08146399055489964,0.4628099173553719,847.0,0,footpath_encroachment,Footpath / main-road encroachment,Physical deterrents (bollards/chains) + sustained pedestrian-priority enforcement
17247_2882,0.13449023861171366,0.24511930585683298,0.3297180043383948,0.2841648590021692,0.0,0.004338394793926247,0.3210412147505423,461.0,2,loading_corridor,Commercial / loading corridor,Designated timed loading bays + off-peak delivery windows; enforce during peak
17247_2883,0.03764320785597381,0.2618657937806874,0.4075286415711948,0.2864157119476268,0.004909983633387889,0.016366612111292964,0.3011456628477905,611.0,2,loading_corridor,Commercial / loading corridor,Designated timed loading bays + off-peak delivery windows; enforce during peak
17247_2884,0.1261682242990654,0.04072096128170895,0.7303070761014686,0.09479305740987984,0.0006675567423230974,0.004672897196261682,0.5120160213618158,1498.0,1,cbd_car,CBD car parking,Occupancy-responsive paid parking (SFpark-style) + clear signage
17247_2885,0.26569037656903766,0.03765690376569038,0.5397489539748954,0.15481171548117154,0.0020920502092050207,0.027196652719665274,0.41422594142259417,478.0,1,loading_corridor,Commercial / loading corridor,Designated timed loading bays + off-peak delivery windows; enforce during peak
17247_2887,0.7184959349593496,0.013211382113821139,0.23272357723577236,0.031504065040650404,0.05894308943089431,0.0020325203252032522,0.2774390243902439,984.0,0,footpath_encroachment,Footpath / main-road encroachment,Physical deterrents (bollards/chains) + sustained pedestrian-priority enforcement
17247_2888,0.6351351351351351,0.010135135135135136,0.23310810810810811,0.11824324324324324,0.016891891891891893,0.0,0.3344594594594595,296.0,0,two_wheeler_spillover,Two-wheeler spillover,Add two-wheeler parking supply; mark legal bays near transit/markets
17247_2889,0.4810126582278481,0.05485232067510549,0.3206751054852321,0.14345991561181434,0.0759493670886076,0.008438818565400843,0.38396624472573837,237.0,0,footpath_encroachment,Footpath / main-road encroachment,Physical deterrents (bollards/chains) + sustained pedestrian-priority enforcement
17248_2872,0.057096247960848286,0.17781402936378465,0.5464926590538336,0.1533442088091354,0.0,0.013050570962479609,0.25122349102773245,613.0,1,loading_corridor,Commercial / loading corridor,Designated timed loading bays + off-peak delivery windows; enforce during peak
17248_2874,0.6027164685908319,0.03395585738539898,0.3073005093378608,0.04753820033955857,0.003395585738539898,0.044142614601018676,0.3837011884550085,589.0,0,two_wheeler_spillover,Two-wheeler spillover,Add two-wheeler parking supply; mark legal bays near transit/markets
17248_2882,0.4267877412031782,0.1282633371169126,0.18955732122587968,0.25312145289443816,0.00340522133938706,0.009080590238365494,0.2792281498297389,881.0,0,loading_corridor,Commercial / loading corridor,Designated timed loading bays + off-peak delivery windows; enforce during peak
17248_2883,0.2085889570552147,0.1687116564417178,0.4754601226993865,0.13803680981595093,0.027607361963190184,0.05214723926380368,0.3496932515337423,326.0,1,loading_corridor,Commercial / loading corridor,Designated timed loading bays + off-peak delivery windows; enforce during peak
17249_2883,0.18930957683741648,0.22494432071269488,0.48329621380846327,0.09799554565701558,0.0022271714922048997,0.042316258351893093,0.31625835189309576,449.0,1,loading_corridor,Commercial / loading corridor,Designated timed loading bays + off-peak delivery windows; enforce during peak
17249_2896,0.05830903790087463,0.5043731778425656,0.41690962099125367,0.0,0.0,0.0,0.45481049562682213,343.0,1,loading_corridor,Commercial / loading corridor,Designated timed loading bays + off-peak delivery windows; enforce during peak
17250_2868,0.42827868852459017,0.13934426229508196,0.26229508196721313,0.15778688524590165,0.0,0.3237704918032787,0.3401639344262295,488.0,2,footpath_encroachment,Footpath / main-road encroachment,Physical deterrents (bollards/chains) + sustained pedestrian-priority enforcement
17250_2869,0.3569682151589242,0.2078239608801956,0.33251833740831294,0.08312958435207823,0.0,0.02444987775061125,0.26405867970660146,409.0,1,loading_corridor,Commercial / loading corridor,Designated timed loading bays + off-peak delivery windows; enforce during peak
17250_2884,0.45454545454545453,0.1487603305785124,0.2727272727272727,0.12396694214876033,0.24793388429752067,0.14049586776859505,0.49586776859504134,242.0,2,footpath_encroachment,Footpath / main-road encroachment,Physical deterrents (bollards/chains) + sustained pedestrian-priority enforcement
17251_2868,0.44749596122778673,0.210016155088853,0.2520193861066236,0.0888529886914378,0.0,0.0,0.40226171243941844,619.0,0,loading_corridor,Commercial / loading corridor,Designated timed loading bays + off-peak delivery windows; enforce during peak
17251_2869,0.8728179551122195,0.017456359102244388,0.10723192019950124,0.0,0.0,0.00997506234413965,0.36159600997506236,401.0,0,two_wheeler_spillover,Two-wheeler spillover,Add two-wheeler parking supply; mark legal bays near transit/markets
17251_2873,0.4934210526315789,0.019736842105263157,0.4786184210526316,0.004934210526315789,0.001644736842105263,0.049342105263157895,0.5148026315789473,608.0,1,cbd_car,CBD car parking,Occupancy-responsive paid parking (SFpark-style) + clear signage
17252_2864,0.26006191950464397,0.1609907120743034,0.48297213622291024,0.021671826625386997,0.05263157894736842,0.018575851393188854,0.30030959752321984,323.0,1,footpath_encroachment,Footpath / main-road encroachment,Physical deterrents (bollards/chains) + sustained pedestrian-priority enforcement
17252_2865,0.10762331838565023,0.14573991031390135,0.6412556053811659,0.06726457399103139,0.002242152466367713,0.002242152466367713,0.23766816143497757,446.0,1,cbd_car,CBD car parking,Occupancy-responsive paid parking (SFpark-style) + clear signage
17252_2869,0.7964148527528809,0.01088348271446863,0.18886043533930857,0.003201024327784891,0.002560819462227913,0.0006402048655569782,0.3764404609475032,1562.0,0,two_wheeler_spillover,Two-wheeler spillover,Add two-wheeler parking supply; mark legal bays near transit/markets
17252_2880,0.37872340425531914,0.13617021276595745,0.3872340425531915,0.059574468085106386,0.029787234042553193,0.01276595744680851,0.5106382978723404,235.0,1,cbd_car,CBD car parking,Occupancy-responsive paid parking (SFpark-style) + clear signage
17253_2863,0.1846435100548446,0.4186471663619744,0.3053016453382084,0.03473491773308958,0.0,0.0,0.29981718464351004,547.0,1,loading_corridor,Commercial / loading corridor,Designated timed loading bays + off-peak delivery windows; enforce during peak
17253_2864,0.24719101123595505,0.250936329588015,0.3707865168539326,0.07865168539325842,0.0,0.00749063670411985,0.21722846441947566,267.0,1,loading_corridor,Commercial / loading corridor,Designated timed loading bays + off-peak delivery windows; enforce during peak
17253_2880,0.325,0.165625,0.36875,0.1125,0.159375,0.165625,0.346875,320.0,2,footpath_encroachment,Footpath / main-road encroachment,Physical deterrents (bollards/chains) + sustained pedestrian-priority enforcement
17253_2881,0.3502994011976048,0.02694610778443114,0.5718562874251497,0.04491017964071856,0.05688622754491018,0.23353293413173654,0.655688622754491,334.0,1,footpath_encroachment,Footpath / main-road encroachment,Physical deterrents (bollards/chains) + sustained pedestrian-priority enforcement
17253_2882,0.5767123287671233,0.01643835616438356,0.3780821917808219,0.0136986301369863,0.010958904109589041,0.050684931506849315,0.3917808219178082,730.0,0,two_wheeler_spillover,Two-wheeler spillover,Add two-wheeler parking supply; mark legal bays near transit/markets
17253_2884,0.5038167938931297,0.027989821882951654,0.24936386768447838,0.19592875318066158,0.0737913486005089,0.2951653944020356,0.36895674300254455,393.0,2,footpath_encroachment,Footpath / main-road encroachment,Physical deterrents (bollards/chains) + sustained pedestrian-priority enforcement
17254_2853,0.6544117647058824,0.09620098039215687,0.20894607843137256,0.02696078431372549,0.011029411764705883,0.0030637254901960784,0.45588235294117646,1632.0,0,two_wheeler_spillover,Two-wheeler spillover,Add two-wheeler parking supply; mark legal bays near transit/markets
17254_2879,0.04946236559139785,0.546236559139785,0.1870967741935484,0.2129032258064516,0.008602150537634409,0.017204301075268817,0.3161290322580645,465.0,2,loading_corridor,Commercial / loading corridor,Designated timed loading bays + off-peak delivery windows; enforce during peak
17254_2880,0.13897280966767372,0.30513595166163143,0.14803625377643503,0.38972809667673713,0.02416918429003021,0.09969788519637462,0.2598187311178248,331.0,2,footpath_encroachment,Footpath / main-road encroachment,Physical deterrents (bollards/chains) + sustained pedestrian-priority enforcement
17254_2882,0.15403422982885084,0.039119804400977995,0.7396088019559902,0.028117359413202935,0.09168704156479218,0.3508557457212714,0.5709046454767727,818.0,1,footpath_encroachment,Footpath / main-road encroachment,Physical deterrents (bollards/chains) + sustained pedestrian-priority enforcement
17254_2931,0.02875399361022364,0.23003194888178913,0.7294994675186368,0.007454739084132056,0.005324813631522897,0.34824281150159747,0.268370607028754,939.0,1,footpath_encroachment,Footpath / main-road encroachment,Physical deterrents (bollards/chains) + sustained pedestrian-priority enforcement
17255_2853,0.7534246575342466,0.0684931506849315,0.1506849315068493,0.01643835616438356,0.005479452054794521,0.005479452054794521,0.5205479452054794,365.0,0,two_wheeler_spillover,Two-wheeler spillover,Add two-wheeler parking supply; mark legal bays near transit/markets
17255_2861,0.032388663967611336,0.2874493927125506,0.38461538461538464,0.06072874493927125,0.0,0.004048582995951417,0.32388663967611336,247.0,1,loading_corridor,Commercial / loading corridor,Designated timed loading bays + off-peak delivery windows; enforce during peak
17255_2879,0.21179039301310043,0.1572052401746725,0.1703056768558952,0.44541484716157204,0.004366812227074236,0.12663755458515283,0.3646288209606987,458.0,2,footpath_encroachment,Footpath / main-road encroachment,Physical deterrents (bollards/chains) + sustained pedestrian-priority enforcement
17255_2880,0.5296610169491526,0.1864406779661017,0.18220338983050846,0.08898305084745763,0.00423728813559322,0.059322033898305086,0.3220338983050847,236.0,0,loading_corridor,Commercial / loading corridor,Designated timed loading bays + off-peak delivery windows; enforce during peak
17256_2860,0.4975845410628019,0.10628019323671498,0.2826086956521739,0.09420289855072464,0.012077294685990338,0.050724637681159424,0.2995169082125604,414.0,0,cbd_car,CBD car parking,Occupancy-responsive paid parking (SFpark-style) + clear signage
17257_2882,0.6210526315789474,0.016194331983805668,0.2761133603238866,0.0728744939271255,0.0,0.020242914979757085,0.21295546558704453,1235.0,0,two_wheeler_spillover,Two-wheeler spillover,Add two-wheeler parking supply; mark legal bays near transit/markets
17258_2871,0.6147540983606558,0.14344262295081966,0.20901639344262296,0.028688524590163935,0.0,0.0,0.36885245901639346,244.0,0,two_wheeler_spillover,Two-wheeler spillover,Add two-wheeler parking supply; mark legal bays near transit/markets
17258_2887,0.8025851938895417,0.041128084606345476,0.0799059929494712,0.07638072855464159,0.0,0.0011750881316098707,0.29612220916568743,851.0,0,two_wheeler_spillover,Two-wheeler spillover,Add two-wheeler parking supply; mark legal bays near transit/markets
17259_2879,0.6416938110749185,0.009771986970684038,0.34527687296416937,0.003257328990228013,0.0,0.013029315960912053,0.2768729641693811,307.0,0,two_wheeler_spillover,Two-wheeler spillover,Add two-wheeler parking supply; mark legal bays near transit/markets
17259_2887,0.5627802690582959,0.15695067264573992,0.17040358744394618,0.07847533632286996,0.02242152466367713,0.5695067264573991,0.3654708520179372,446.0,2,footpath_encroachment,Footpath / main-road encroachment,Physical deterrents (bollards/chains) + sustained pedestrian-priority enforcement
17259_2888,0.22510231923601637,0.3267394270122783,0.17939972714870395,0.24624829467939974,0.07980900409276943,0.6398362892223738,0.3246930422919509,1466.0,2,footpath_encroachment,Footpath / main-road encroachment,Physical deterrents (bollards/chains) + sustained pedestrian-priority enforcement
17260_2870,0.5168539325842697,0.09737827715355805,0.2846441947565543,0.07865168539325842,0.026217228464419477,0.149812734082397,0.2209737827715356,267.0,0,footpath_encroachment,Footpath / main-road encroachment,Physical deterrents (bollards/chains) + sustained pedestrian-priority enforcement
17261_2853,0.8138424821002387,0.057279236276849645,0.12171837708830549,0.00477326968973747,0.14797136038186157,0.19331742243436753,0.3198090692124105,419.0,0,footpath_encroachment,Footpath / main-road encroachment,Physical deterrents (bollards/chains) + sustained pedestrian-priority enforcement
17261_2866,0.4114583333333333,0.029513888888888888,0.4513888888888889,0.10069444444444445,0.006944444444444444,0.003472222222222222,0.4166666666666667,576.0,1,cbd_car,CBD car parking,Occupancy-responsive paid parking (SFpark-style) + clear signage
17261_2872,0.12124463519313304,0.27253218884120173,0.3272532188841202,0.26609442060085836,0.003218884120171674,0.004291845493562232,0.10085836909871244,932.0,2,loading_corridor,Commercial / loading corridor,Designated timed loading bays + off-peak delivery windows; enforce during peak
17261_2888,0.1349654739485248,0.12303829252981795,0.34023854362837413,0.39673571876961705,0.003766478342749529,0.3396107972379159,0.22598870056497175,1593.0,2,footpath_encroachment,Footpath / main-road encroachment,Physical deterrents (bollards/chains) + sustained pedestrian-priority enforcement
17261_2889,0.055441478439425054,0.053388090349075976,0.3757700205338809,0.5051334702258727,0.0,0.16837782340862423,0.17659137577002054,487.0,2,footpath_encroachment,Footpath / main-road encroachment,Physical deterrents (bollards/chains) + sustained pedestrian-priority enforcement
17262_2869,0.35436893203883496,0.06310679611650485,0.5485436893203883,0.024271844660194174,0.0,0.009708737864077669,0.5970873786407767,206.0,1,cbd_car,CBD car parking,Occupancy-responsive paid parking (SFpark-style) + clear signage
17262_2872,0.06399235912129896,0.5444126074498568,0.20248328557784145,0.1833810888252149,0.0,0.0066857688634192934,0.22731614135625597,1047.0,2,loading_corridor,Commercial / loading corridor,Designated timed loading bays + off-peak delivery windows; enforce during peak
17262_2929,0.005179430262671106,0.41065482796892344,0.5823159452460229,0.0003699593044765076,0.0,0.2282648908620052,0.2967073621901591,2703.0,1,footpath_encroachment,Footpath / main-road encroachment,Physical deterrents (bollards/chains) + sustained pedestrian-priority enforcement
17262_2930,0.002901915264074289,0.18224027858386535,0.8142774230992456,0.0,0.0,0.13522925130586186,0.3017991874637261,1723.0,1,footpath_encroachment,Footpath / main-road encroachment,Physical deterrents (bollards/chains) + sustained pedestrian-priority enforcement
17262_2931,0.0,0.020477815699658702,0.9761092150170648,0.0034129692832764505,0.0,0.0034129692832764505,0.3174061433447099,293.0,1,cbd_car,CBD car parking,Occupancy-responsive paid parking (SFpark-style) + clear signage
17263_2873,0.13068181818181818,0.17116477272727273,0.38920454545454547,0.3018465909090909,0.014204545454545454,0.17045454545454544,0.15269886363636365,1408.0,2,footpath_encroachment,Footpath / main-road encroachment,Physical deterrents (bollards/chains) + sustained pedestrian-priority enforcement
17263_2890,0.4383561643835616,0.0717163577759871,0.36663980660757456,0.11845286059629331,0.0,0.09105560032232071,0.2860596293311845,1241.0,0,footpath_encroachment,Footpath / main-road encroachment,Physical deterrents (bollards/chains) + sustained pedestrian-priority enforcement
17263_2929,0.0,0.04897959183673469,0.9510204081632653,0.0,0.0,0.004081632653061225,0.22040816326530613,245.0,1,cbd_car,CBD car parking,Occupancy-responsive paid parking (SFpark-style) + clear signage
17264_2873,0.5339869281045752,0.06470588235294118,0.14836601307189543,0.24509803921568626,0.00261437908496732,0.20784313725490197,0.12156862745098039,1530.0,2,footpath_encroachment,Footpath / main-road encroachment,Physical deterrents (bollards/chains) + sustained pedestrian-priority enforcement
17264_2874,0.8409123928519541,0.05026877814906291,0.06712189452273717,0.0361760860090077,0.005084992009298271,0.22126979514746478,0.16286502978352463,6883.0,0,footpath_encroachment,Footpath / main-road encroachment,Physical deterrents (bollards/chains) + sustained pedestrian-priority enforcement
17265_2872,0.13983050847457626,0.3050847457627119,0.3813559322033898,0.15677966101694915,0.15677966101694915,0.288135593220339,0.15677966101694915,236.0,2,footpath_encroachment,Footpath / main-road encroachment,Physical deterrents (bollards/chains) + sustained pedestrian-priority enforcement
17265_2873,0.05454545454545454,0.5212121212121212,0.3151515151515151,0.08181818181818182,0.08787878787878788,0.5969696969696969,0.0696969696969697,330.0,2,footpath_encroachment,Footpath / main-road encroachment,Physical deterrents (bollards/chains) + sustained pedestrian-priority enforcement
17265_2874,0.20958083832335328,0.23652694610778444,0.2904191616766467,0.2275449101796407,0.05688622754491018,0.2934131736526946,0.10179640718562874,334.0,2,footpath_encroachment,Footpath / main-road encroachment,Physical deterrents (bollards/chains) + sustained pedestrian-priority enforcement
17265_2875,0.08194905869324474,0.12513842746400886,0.5808416389811739,0.20210409745293467,0.019933554817275746,0.7934662236987818,0.2026578073089701,1806.0,2,footpath_encroachment,Footpath / main-road encroachment,Physical deterrents (bollards/chains) + sustained pedestrian-priority enforcement
17265_2884,0.14763779527559054,0.4704724409448819,0.3031496062992126,0.0688976377952756,0.021653543307086614,0.1673228346456693,0.2047244094488189,508.0,2,footpath_encroachment,Footpath / main-road encroachment,Physical deterrents (bollards/chains) + sustained pedestrian-priority enforcement
17265_2887,0.08928571428571429,0.033482142857142856,0.24441964285714285,0.6316964285714286,0.020089285714285716,0.2890625,0.7421875,896.0,2,footpath_encroachment,Footpath / main-road encroachment,Physical deterrents (bollards/chains) + sustained pedestrian-priority enforcement
17265_2888,0.3719298245614035,0.12982456140350876,0.2982456140350877,0.19649122807017544,0.0035087719298245615,0.1649122807017544,0.7684210526315789,285.0,2,footpath_encroachment,Footpath / main-road encroachment,Physical deterrents (bollards/chains) + sustained pedestrian-priority enforcement
17265_2890,0.3846567967698519,0.12732166890982502,0.2285329744279946,0.2500672947510094,0.00026917900403768504,0.2611036339165545,0.32059219380888293,3715.0,2,footpath_encroachment,Footpath / main-road encroachment,Physical deterrents (bollards/chains) + sustained pedestrian-priority enforcement
17266_2875,0.46815834767641995,0.14802065404475043,0.27710843373493976,0.09466437177280551,0.03098106712564544,0.23235800344234078,0.2719449225473322,581.0,2,footpath_encroachment,Footpath / main-road encroachment,Physical deterrents (bollards/chains) + sustained pedestrian-priority enforcement
17266_2876,0.07032967032967033,0.3120879120879121,0.4901098901098901,0.12087912087912088,0.015384615384615385,0.432967032967033,0.06593406593406594,455.0,2,footpath_encroachment,Footpath / main-road encroachment,Physical deterrents (bollards/chains) + sustained pedestrian-priority enforcement
17266_2877,0.1685022026431718,0.20814977973568283,0.5341409691629956,0.009911894273127754,0.0,0.5495594713656388,0.16629955947136563,908.0,2,footpath_encroachment,Footpath / main-road encroachment,Physical deterrents (bollards/chains) + sustained pedestrian-priority enforcement
17266_2878,0.13449023861171366,0.5032537960954447,0.28199566160520606,0.03036876355748373,0.05856832971800434,0.596529284164859,0.44468546637744033,461.0,2,footpath_encroachment,Footpath / main-road encroachment,Physical deterrents (bollards/chains) + sustained pedestrian-priority enforcement
17266_2879,0.6499552372426142,0.1423455684870188,0.1548791405550582,0.04028648164726947,0.004476275738585497,0.1504028648164727,0.26320501342882724,1117.0,0,footpath_encroachment,Footpath / main-road encroachment,Physical deterrents (bollards/chains) + sustained pedestrian-priority enforcement
17266_2887,0.2027491408934708,0.11683848797250859,0.436426116838488,0.24054982817869416,0.058419243986254296,0.15463917525773196,0.5807560137457045,291.0,2,footpath_encroachment,Footpath / main-road encroachment,Physical deterrents (bollards/chains) + sustained pedestrian-priority enforcement
17266_2891,0.25552825552825553,0.18673218673218672,0.40786240786240785,0.11547911547911548,0.014742014742014743,0.41277641277641275,0.44226044226044225,407.0,2,footpath_encroachment,Footpath / main-road encroachment,Physical deterrents (bollards/chains) + sustained pedestrian-priority enforcement
17267_2879,0.37254901960784315,0.1532976827094474,0.38324420677361853,0.0481283422459893,0.0213903743315508,0.1408199643493761,0.23351158645276293,561.0,1,footpath_encroachment,Footpath / main-road encroachment,Physical deterrents (bollards/chains) + sustained pedestrian-priority enforcement
17269_2882,0.11257309941520467,0.22660818713450293,0.5716374269005848,0.05263157894736842,0.0014619883040935672,0.2134502923976608,0.2149122807017544,684.0,1,footpath_encroachment,Footpath / main-road encroachment,Physical deterrents (bollards/chains) + sustained pedestrian-priority enforcement
17270_2878,0.3708206686930091,0.270516717325228,0.2127659574468085,0.11246200607902736,0.11854103343465046,0.5987841945288754,0.2978723404255319,329.0,2,footpath_encroachment,Footpath / main-road encroachment,Physical deterrents (bollards/chains) + sustained pedestrian-priority enforcement
17270_2879,0.22164948453608246,0.31099656357388317,0.3900343642611684,0.06701030927835051,0.03436426116838488,0.08934707903780069,0.3556701030927835,582.0,1,footpath_encroachment,Footpath / main-road encroachment,Physical deterrents (bollards/chains) + sustained pedestrian-priority enforcement
17270_2880,0.1180722891566265,0.4542168674698795,0.26867469879518074,0.1566265060240964,0.0,0.0024096385542168677,0.2710843373493976,830.0,2,loading_corridor,Commercial / loading corridor,Designated timed loading bays + off-peak delivery windows; enforce during peak
17270_2881,0.4319880418535127,0.28774289985052315,0.1397608370702541,0.13378176382660686,0.0007473841554559044,0.014200298953662182,0.22047832585949179,1338.0,0,loading_corridor,Commercial / loading corridor,Designated timed loading bays + off-peak delivery windows; enforce during peak
17274_2886,0.9782214156079855,0.0054446460980036296,0.010889292196007259,0.0054446460980036296,0.9709618874773139,0.012704174228675136,0.0852994555353902,551.0,3,footpath_encroachment,Footpath / main-road encroachment,Physical deterrents (bollards/chains) + sustained pedestrian-priority enforcement
17277_2899,0.2318840579710145,0.2608695652173913,0.3671497584541063,0.11594202898550725,0.00966183574879227,0.05314009661835749,0.3140096618357488,207.0,1,loading_corridor,Commercial / loading corridor,Designated timed loading bays + off-peak delivery windows; enforce during peak
