gx,gy,observed,devices,officers,evening_share,poi_demand,lat,lon,top_station,name,demand_index,reliable,CIS,blind_spot
17270,2880,830,6,5,0.0,0.9349397590361446,12.96297741879518,77.7173440307229,HAL Old Airport,ITPL Main Road,103.75,True,50.130396661961576,63.18058109200085
17252,2864,323,4,4,0.0,0.8297213622291022,12.89186242411713,77.63802616154565,Hulimavu,Hosur Road,53.833333333333336,True,45.53523834499779,60.737266752817476
17270,2881,1338,9,8,0.0,0.7301943198804185,12.965468273841553,77.71788253161435,HAL Old Airport,ITPL Main Road,121.63636363636364,True,48.22195697403811,57.01681395368753
17270,2877,81,3,2,0.0,1.0,12.95041891727426,77.71762887953903,Whitefield,Vibgyor High School Road,16.2,True,39.28948807166935,54.32220112242534
17253,2863,547,3,3,0.0,0.009140767824497258,12.885639150653839,77.64147282822151,Hulimavu,Hosur Road,109.4,True,38.92161867267878,53.81357969568903
17258,2887,851,10,12,0.0035252643948296123,0.917743830787309,12.993637709417133,77.66269237894919,Banaswadi,Old Madras Road,70.91666666666667,True,45.24448607579989,52.45609844530326
17255,2853,365,5,4,0.0,0.9452054794520548,12.841389366849317,77.64837855260274,Electronic City,Neeladri Road,52.142857142857146,True,40.258328807234165,52.094694743951784
17234,2886,571,13,13,0.0,0.681260945709282,12.989335798073556,77.55479610437828,Rajajinagar,"BTP204 - ESI Hospital, Rajajinagar",38.06666666666667,True,46.38086203445365,51.429681034774546
17243,2872,64,11,11,0.0,0.9375,12.927222582812501,77.5969997359375,Jayanagara,"BTP127 - Sagar Hospital, Jayanagar",4.923076923076923,True,43.75231056863622,49.988819095192405
17246,2872,162,5,5,0.0,0.0,12.9263718845679,77.6090041771605,Mico Layout,Thavarekere Main Road,23.142857142857142,True,38.55304935010311,49.88804545163415
17234,2891,3694,60,53,0.0002707092582566324,0.9128316188413643,13.011858660097456,77.55433618197077,Malleshwaram,80 Feet Ring Road,59.58064516129032,True,62.86999157917757,49.48262259760072
17237,2888,1143,34,32,0.0,0.9912510936132983,12.998560752580929,77.56934813455818,Malleshwaram,Siddavanahalli Krishna Sharma Road,31.75,True,53.027417430441325,48.18200315790528
17252,2869,1562,25,23,0.004481434058898848,0.645326504481434,12.912145844076214,77.6367166381793,HSR Layout,17th Cross Road,57.851851851851855,True,49.60813088703663,48.16110741882412
17238,2890,2247,44,41,0.0,0.9830885625278148,13.007076967245217,77.57117164134401,Malleshwaram,Sri Venkataranga Ayangar Road,48.84782608695652,True,56.0703722809253,47.86762364107232
17238,2870,532,29,25,0.0,0.8646616541353384,12.91708027401245,77.573524368663,Banashankari,"BTP115 - Sahasra Hospital, Jayanagar",17.161290322580644,True,50.65728674111168,47.73486505862068
17265,2875,1806,42,41,0.0,0.0,12.939663473043419,77.69562433761578,HAL Old Airport,Kadubeesanahalli Underpass,41.04545454545455,True,55.01675805327613,47.514716627132316
17270,2878,329,20,17,0.00911854103343465,0.9513677811550152,12.95180500919755,77.71741867519945,Whitefield,Vibgyor High School Road,14.954545454545455,True,46.49551637111804,47.17697572529764
17228,2890,427,18,18,0.0,0.3255269320843091,13.007717414754099,77.52683530562061,Rajajinagar,Dr Rajkumar Puniya Bhoomi Road,21.35,True,45.24575091312016,47.151615370120545
17233,2869,58,3,3,0.0,0.0,12.911492985170149,77.55208630796342,K.S. Layout,Subramanyapura Main Road,11.6,True,34.08817776853305,47.13079603535191
17233,2887,755,9,8,0.0,0.1403973509933775,12.993380086887418,77.5524192765563,Rajajinagar,"BTP011 - RR Kalyana Mantapa, Dr. Rajkumar Road",68.63636363636364,True,39.785464741757536,47.04165039305797
17270,2879,582,36,31,0.0,0.8676975945017182,12.958065738327104,77.7159797783287,HAL Old Airport,ITPL Main Road,15.31578947368421,True,52.27384639782107,46.862511454213305
17233,2882,1239,22,22,0.0,0.9031476997578692,12.973403094188862,77.5509149362389,Magadi Road,"BTP070 - Cholurpalya Junction, Magadi Road",51.625,True,46.83014899852069,46.847588485114755
17237,2890,1585,42,39,0.0,0.9873817034700315,13.006556181072554,77.56952568056782,Malleshwaram,15th Cross Road,36.02272727272727,True,54.24117668073137,46.84489291447261
17238,2888,1652,49,46,0.0,0.9794188861985472,12.99891319265852,77.57142622071083,Malleshwaram,Sri Venkataranga Ayangar Road,32.3921568627451,True,56.25464855723268,46.729747022886315
17244,2874,197,10,10,0.0,0.005076142131979695,12.936557730964468,77.60164844162436,Mico Layout,BTP126 - Dairy Circle,16.416666666666668,True,40.2300954102546,46.7294801950429
17235,2886,85,8,7,0.0,0.8941176470588236,12.988365162352942,77.55917983764705,Rajajinagar,"BTP015 - Suguna Hospital, Dr. Rajkumar Road",8.5,True,38.55172596216951,46.47050513799275
17259,2888,1466,28,26,0.0,0.0006821282401091405,12.996369817382268,77.66872528235007,Mahadevapura,MBT Road,48.86666666666667,True,48.90591213312006,46.446836746852156
17255,2879,458,22,23,0.0,0.868995633187773,12.959390763263363,77.64905700312792,Jeevanbheemanagar,Old Airport Road,19.083333333333332,True,46.12692679147979,46.144104399038355
17237,2889,361,16,15,0.0,0.997229916897507,13.002140308587256,77.56965263711912,Malleshwaram,Siddavanahalli Krishna Sharma Road,20.055555555555557,True,42.95632570895433,45.80982639400937
17231,2899,101,3,3,0.0,0.009900990099009901,13.047858873267327,77.54279707920792,Jalahalli,HMT Main Road,20.2,True,32.81663836174466,45.372747692633624
17264,2874,6883,45,40,0.0,0.7801830597123347,12.93397216783416,77.69090904942891,HAL Old Airport,New Horizon College Road,146.4468085106383,True,53.37329366314081,45.30876364107972
17269,2882,684,33,29,0.0,0.6812865497076024,12.971449973474552,77.71196507487743,HAL Old Airport,ITPL Main Road,19.542857142857144,True,49.48058757831026,45.27270023196315
17266,2878,461,24,24,0.0,0.0,12.95193275526479,77.69997625587698,HAL Old Airport,Outer Ring Road,17.73076923076923,True,45.85431131516067,45.0358822996159
17236,2890,73,4,5,0.0,1.0,13.00681005479452,77.5640651219178,Malleshwaram,Canara Union Road,12.166666666666666,True,33.74627647216718,45.01253689450619
17239,2879,1827,44,38,0.0005473453749315818,0.6163108921729611,12.958888332348112,77.57703226792556,City Market,BTP104 - Medical College Circle,39.71739130434783,True,52.051356660554205,44.41908269096804
17269,2883,183,6,4,0.0,0.5956284153005464,12.975748989617486,77.71164640382513,Mahadevapura,ITPL Main Road,22.875,True,35.15871991195846,44.311405901441276
17254,2853,1632,13,12,0.0,0.20159313725490197,12.841849818014706,77.64558848455883,Electronic City,Neeladri Road,108.8,True,39.95584308463655,44.3052624548436
17244,2865,189,4,4,0.0,0.5555555555555556,12.894854966137565,77.59913417830688,J.P. Nagar,Bannerghatta Main Road,31.5,True,32.916703073115826,43.90600879318224
17277,2876,101,16,15,0.0,0.693069306930693,12.94268272079208,77.74775398217822,Whitefield,Muthsandra Main Road,5.611111111111111,True,41.16284298220671,43.8972062851662
17265,2887,896,30,29,0.004464285714285714,0.8772321428571429,12.995458142784551,77.69576173217483,Mahadevapura,Whitefield Road,28.0,True,47.01260698205362,43.83479709310687
17239,2881,4003,67,55,0.02697976517611791,0.9822633025231077,12.965479038050722,77.57702628239475,City Market,BTP082 - KR Market Junction,58.01449275362319,True,58.542078922304775,43.727070080225175
17266,2877,908,30,28,0.0,0.12444933920704845,12.949531229347878,77.69957015356746,HAL Old Airport,Outer Ring Road,28.375,True,46.43574236669187,43.42413322097599
17246,2873,325,10,10,0.0,0.0,12.930620285538462,77.60923581753846,Mico Layout,BTP140 - Madiwala Check Post,27.083333333333332,True,37.31092731195842,43.33870504414527
17265,2884,508,15,9,0.0,0.00984251968503937,12.97923981259416,77.69509384397507,Mahadevapura,Outer Ring Road,29.88235294117647,True,40.0823621892192,43.27595930153289
17224,2880,468,23,23,0.0,0.6666666666666666,12.9610006008547,77.51156217158119,Jnanabharathi,Mallathahalli Road,18.72,True,43.535688142726805,43.14700638782498
17274,2886,551,6,7,0.0,0.0,12.987690504537206,77.73463817731397,Mahadevapura,Whitefield Road,68.875,True,34.21778950678961,43.125527996533165
17252,2865,446,9,8,0.0,0.11659192825112108,12.893652738641682,77.6369158275452,Hulimavu,Hosur Road,40.54545454545455,True,35.72650958546118,42.24241150863221
17261,2853,419,15,14,0.031026252983293555,0.9260143198090692,12.84049927542277,77.67686388359986,Electronic City,Hosur Road,24.647058823529413,True,39.77125437253213,42.18286904732782
17234,2892,253,29,25,0.0,0.9169960474308301,13.015568815300798,77.55528922606948,Malleshwaram,Mumbai Bengaluru Highway,8.161290322580646,True,44.666072700890645,42.08928448876428
17258,2871,244,8,5,0.0,0.0,12.920988901190006,77.66525189964429,Bellandur,Outer Ring Road,24.4,True,34.7251051720846,41.85787115991122
17261,2866,576,22,15,0.0,0.8663194444444444,12.899592489063197,77.67545274344596,Bellandur,Amrutha College Road,24.0,True,41.72491664686226,41.740454951566875
17232,2888,1193,57,53,0.0008382229673093043,0.8424140821458508,12.997649004319618,77.547286470147,Vijayanagara,BTP205 - Modi Hospital Junction,20.220338983050848,True,52.2761853295904,41.702529687140206
17232,2883,5124,65,63,0.00039032006245121,0.7355581576893052,12.974599337160402,77.54565224199563,Vijayanagara,BTP020 - Hosahalli Metro Station,76.4776119402985,True,53.89549218943092,41.4873359958129
17242,2899,209,15,15,0.0,0.9712918660287081,13.049392489952153,77.59303444497607,Hebbala,Kempapura Main Road,12.294117647058824,True,38.36619893722083,41.42305924794665
17230,2882,855,45,42,0.0,0.7707602339181286,12.971927237387908,77.53761778091948,Vijayanagara,BTP028 - Vijayanagar Bus Stand Junction,18.19148936170213,True,48.76247706850585,41.39462634617721
17258,2856,113,12,12,0.0,0.9646017699115044,12.85511728014375,77.66386083116288,Electronic City,Hosur Road,8.071428571428571,True,36.73949959220276,41.333774201488794
17239,2880,7507,85,70,0.12854668975622752,0.9948048488077794,12.96377156955796,77.57730956075241,City Market,BTP082 - KR Market Junction,86.28735632183908,True,65.18551062154376,41.281406230971896
17238,2868,94,22,18,0.0,0.723404255319149,12.907613039080122,77.573174028369,J.P. Nagar,"BTP159 - JP Nagar Metro, ORR",3.9166666666666665,True,41.25520292309933,41.270566307023984
17261,2888,1593,43,41,0.0,0.0,13.000225008156393,77.67693137874139,Mahadevapura,Outer Ring Road,35.4,True,47.98663754707707,41.202144614993884
17254,2882,818,40,36,0.0,0.3019559902200489,12.970694963060222,77.64632908655345,Jeevanbheemanagar,12th Main Road,19.476190476190474,True,47.09204267868476,41.160736544323434
17231,2878,1649,43,43,0.010309278350515464,0.5542753183747726,12.953161237142732,77.54223855174112,Byatarayanapura,BTP096 - Gali Anjaneya Temple,36.644444444444446,True,48.24343150461488,41.11743871445397
17233,2892,98,4,4,0.0,0.061224489795918366,13.01601386122449,77.55005773367347,Rajajinagar,1st Main Road,16.333333333333332,True,30.82046499830505,41.10993753596039
17268,2885,84,9,8,0.0,0.5714285714285714,12.984586745238094,77.70835715952381,Mahadevapura,ITPL Main Road,7.636363636363637,True,34.67194604438018,40.99551368454495
17262,2929,2703,36,35,0.002589715131335553,0.0,13.184064016533481,77.6798520046726,Chikkajala,Unnamed Road,71.13157894736842,True,45.72075090107652,40.91512921379314
17234,2890,3353,50,46,0.0047718461079630185,0.0038771249627199524,13.008478477602146,77.55491032105577,Malleshwaram,"BTP001 - 10th Cross, Dr. Rajkumar Road",64.48076923076923,True,49.517992638781934,40.774447249210446
17236,2883,147,24,23,0.0,1.0,12.975240478355719,77.56435361286667,Magadi Road,BTP074 - Leprosy Hospital Junction,5.653846153846154,True,41.39822548413397,40.65933075523029
17264,2873,1530,40,36,0.0,0.5980392156862745,12.932576480842393,77.6902643877818,HAL Old Airport,New Horizon College Road,36.42857142857143,True,46.5170958549911,40.658205046623884
17243,2870,234,17,17,0.0,0.0,12.91715847820513,77.59614200897437,Jayanagara,"BTP202 - East End Main Road, Jayanagar",12.31578947368421,True,38.51433115805282,40.591697097553265
17238,2889,527,44,40,0.0,0.9962049335863378,13.00212114345351,77.57130304459204,Malleshwaram,Sri Venkataranga Ayangar Road,11.456521739130435,True,47.46558202388602,40.52166097346856
17253,2864,267,7,7,0.0,0.149812734082397,12.890226477796931,77.63937291399911,HSR Layout,Hosur Road,29.666666666666668,True,32.8771034669393,40.47648145853776
17233,2883,1689,52,49,0.0,0.6512729425695678,12.97396637317895,77.55103306736471,Magadi Road,"BTP070 - Cholurpalya Junction, Magadi Road",31.27777777777778,True,48.971066971996976,40.055848431476655
17249,2882,170,13,13,0.0,0.8529411764705882,12.97315359,77.62184596470588,Halasur,Old Madras Road,11.333333333333334,True,36.08910548832282,40.01760861443286
17246,2871,102,4,4,0.0,0.0,12.92110089117647,77.61034371568627,Mico Layout,"BTP163 - 16th Main Road, BTM Layout",17.0,True,29.88926213096885,39.86785076953414
17268,2884,62,7,6,0.0,0.6451612903225806,12.979879220967742,77.70948577903225,Mahadevapura,ITPL Main Road,6.888888888888889,True,32.37296558202941,39.8558146235892
17241,2904,5447,28,22,0.0,0.03120984027905269,13.071045679175148,77.58792325101433,Kodigehalli,Sahakar Nagar Road,181.56666666666666,True,41.79477563380387,39.693260713564314
17263,2873,1408,57,45,0.0,0.27201704545454547,12.930670362731677,77.68568640764217,HAL Old Airport,Outer Ring Road,23.864406779661017,True,49.69017377114783,39.66513711407226
17251,2868,619,15,15,0.0016155088852988692,0.0,12.906596245446144,77.63100061675283,HSR Layout,Hosapalya Main Road,36.411764705882355,True,36.73400697183845,39.624405441445774
17234,2887,870,20,17,0.0011494252873563218,0.029885057471264367,12.993418526447334,77.5544062025653,Rajajinagar,"BTP011 - RR Kalyana Mantapa, Dr. Rajkumar Road",39.54545454545455,True,38.65969403394927,39.41535836741741
17241,2903,199,5,5,0.0,0.0,13.06371427035176,77.58742971055277,Kodigehalli,20th Main Road,28.428571428571427,True,30.395416593444423,39.331984112718565
17231,2883,87,14,14,0.0,0.9195402298850575,12.974137647126437,77.54152242643679,Vijayanagara,BTP020 - Hosahalli Metro Station,5.4375,True,35.895784488713154,39.262057810058735
17232,2868,130,5,3,0.0,0.007692307692307693,12.906902350203007,77.5461006411206,K.S. Layout,Subramanyapura Main Road,18.571428571428573,True,30.052697916049446,38.888502591977094
17235,2892,87,16,16,0.0,0.9655172413793104,13.01815836509022,77.55867374414026,Yeshwanthpura,CV Raman Road,4.833333333333333,True,36.32490326265952,38.73789214459619
17261,2872,932,34,32,0.0,0.001072961373390558,12.926214431509608,77.6770075869807,Bellandur,Outer Ring Road,25.88888888888889,True,42.42929974260917,38.55229527004123
17266,2876,455,28,27,0.0,0.0,12.944087994569777,77.69784033488705,HAL Old Airport,Outer Ring Road,15.166666666666666,True,40.59168094779602,38.5506597470409
17233,2889,1290,31,30,0.0,0.002325581395348837,13.00212877899225,77.55016989248062,Malleshwaram,"BTP026 - 1st Block Junction, Rajajinagar",39.09090909090909,True,41.51751448442377,38.536836954062146
17241,2902,256,9,8,0.0,0.00390625,13.06170554921875,77.58702822929688,Kodigehalli,15th Cross Road,23.272727272727273,True,32.58936453983687,38.53310507155844
17232,2882,481,22,22,0.0,0.5821205821205822,12.971289669438669,77.54653032848233,Vijayanagara,BTP020 - Hosahalli Metro Station,20.041666666666668,True,38.39261899493059,38.40691635632259
17245,2884,2956,65,65,0.0020297699594046007,0.42185385656292285,12.98131471405821,77.60540448681786,Shivajinagar,BTP051 - Safina Plaza Junction,44.11940298507463,True,49.52494153694562,38.073177626619106
17259,2887,446,16,16,0.0,0.0,12.99574600870316,77.66774475722114,Mahadevapura,Old Madras Road,24.77777777777778,True,35.65102378576014,38.01924823504943
17266,2879,1117,48,48,0.006266786034019696,0.0,12.957613126125832,77.70094016231286,HAL Old Airport,Marathahalli Underpass,22.34,True,45.554308045965,37.867094760377604
17250,2884,242,14,19,0.0,0.12396694214876033,12.979001011570249,77.6287072214876,Halasur,Old Madras Road,15.125,True,34.56379957827349,37.80516059216252
17262,2930,1723,30,30,0.012188044109112013,0.0,13.186768172025536,77.68023541271039,Chikkajala,Unnamed Road,53.84375,True,40.66975765524693,37.7279351167485
17233,2868,98,9,8,0.0,0.030612244897959183,12.909646981961053,77.55011410773042,K.S. Layout,Subramanyapura Main Road,8.909090909090908,True,31.83032894388328,37.63563441556636
17235,2883,1660,50,45,0.0024096385542168677,0.4825301204819277,12.975729125186543,77.55988070406772,Magadi Road,BTP074 - Leprosy Hospital Junction,31.923076923076923,True,45.43407861236306,37.477500600647296
17229,2892,440,13,13,0.0,0.0022727272727272726,13.017176050227272,77.53146781068182,Rajajinagar,Dr Rajkumar Puniya Bhoomi Road,29.333333333333332,True,33.76352358921437,37.438873980252374
17228,2889,57,3,3,0.0,0.0,13.003512807017545,77.52697754385966,Rajajinagar,Dr Rajkumar Puniya Bhoomi Road,11.4,True,27.055909817598117,37.407883044461364
17257,2882,1235,24,25,0.0,0.0,12.971751408802023,77.65809020342515,Jeevanbheemanagar,Pusa Thippasandra Main Road,47.5,True,38.04353841531356,37.36451969711529
17255,2861,247,3,3,0.0,0.0,12.875693433603239,77.64816927246964,Hulimavu,Hosur Road,49.4,True,26.74435644107012,36.97712494577471
17260,2888,142,19,18,0.0,0.0,12.997976890821361,77.67133727882731,Banaswadi,Outer Ring Road,6.761904761904762,True,35.831401232516406,36.93908254674419
17239,2883,17647,84,75,0.0003966679888932963,0.03502011673372245,12.976285702363008,77.57740168818496,Upparpet,BTP040 - Elite Junction,205.19767441860466,True,51.61397593547535,36.87736626653939
17230,2895,715,31,28,0.006993006993006993,0.023776223776223775,13.030301699836118,77.53695527516565,Yeshwanthpura,Mumbai Bengaluru Highway,21.666666666666668,True,39.891130452580185,36.856037823103044
17240,2884,929,70,66,0.0,0.7168998923573735,12.978876687405812,77.58098968127018,Upparpet,BTP058 - Subbanna Junction,12.902777777777779,True,48.73219693445808,36.74678368575683
17250,2868,488,19,19,0.0,0.004098360655737705,12.907095103639538,77.62871247242914,HSR Layout,Hosur Road,23.238095238095237,True,35.63932982919431,36.74107350500609
17229,2868,68,4,3,0.0,0.0,12.907726597180858,77.53302121786982,K.S. Layout,4th Main Road,11.333333333333334,True,27.518234248470907,36.705250589722716
17242,2896,2133,28,26,0.0009376465072667605,0.0032817627754336614,13.035491096948162,77.5891306579653,Hebbala,Bellary Road,71.1,True,38.61343734388382,36.64966865854367
17241,2872,502,31,31,0.0,0.01593625498007968,12.92679837808765,77.58604449501992,Jayanagara,"BTP226 - 33rd Cross, 11th Main, Jayanagar",15.212121212121213,True,39.46587864489717,36.63249473081539
17238,2878,87,9,9,0.0,0.8735632183908046,12.954090574712643,77.57297575287357,V.V.Puram (C.Pet),BTP106 - VV Puram College,7.909090909090909,True,30.97394540825339,36.62306122716798
17265,2873,330,19,19,0.0,0.25757575757575757,12.931082241214327,77.69499662712887,HAL Old Airport,BSR Paradise Road,15.714285714285714,True,35.500876475837536,36.59834004573299
17262,2872,1047,32,28,0.0,0.0,12.927547700411052,77.68012265638242,Bellandur,Outer Ring Road,30.794117647058822,True,39.70668723308826,36.58901368164249
17242,2902,301,13,13,0.0,0.0033222591362126247,13.062635271760797,77.59200940431893,Kodigehalli,20th Main Road,20.066666666666666,True,32.93117108263817,36.51591519846195
17240,2883,1931,77,71,0.0,0.3537027446918695,12.976322617607458,77.58118527415847,Upparpet,BTP044 - Sagar Theatre Junction,24.443037974683545,True,49.755462118963045,36.49602916653887
17253,2882,730,36,34,0.0013698630136986301,0.00684931506849315,12.969774752696994,77.64088706397912,Jeevanbheemanagar,Domlur Inner Ring Road,19.210526315789473,True,40.61099996440111,36.3728535718301
17271,2865,172,10,9,0.0,0.0,12.89664486627907,77.72005239651163,Whitefield,Sarjapura Main Road,14.333333333333334,True,31.286823053654107,36.34137486730581
17230,2881,3144,62,58,0.0009541984732824427,0.001272264631043257,12.966177711298174,77.5376881921727,Vijayanagara,"BTP016 - 5th Main Road, RPC Layout",49.125,True,46.55047208042534,36.29044452947958
17238,2884,4051,64,58,0.0004937052579609973,0.08318933596642804,12.979273278696619,77.57439229997532,Upparpet,BTP057 - Anand Rao Junction,61.378787878787875,True,46.94062168383753,36.28728944179494
17233,2886,894,48,47,0.0,0.15436241610738255,12.989179086719183,77.55099591921686,Rajajinagar,"BTP170 - Dr. Bheem Rao Palace, Chord Road",17.88,True,43.42680970842757,36.265606378688844
17248,2872,613,21,20,0.004893964110929853,0.0,12.925349607114914,77.61877331153423,Madiwala,BTP137 - Madiwala Traffic PS Junction,26.652173913043477,True,35.99505324420404,36.250008565453
17234,2885,1102,38,34,0.0,0.015426497277676952,12.985391305132936,77.55449203228085,Rajajinagar,BTP061 - Bhashyam Circle,27.55,True,40.86477753750096,36.164393117979216
17251,2882,81,9,9,0.0,0.0,12.97127561604938,77.63069319012345,Halasur,4th Main Road,7.363636363636363,True,30.57878848319198,36.15583446383136
17246,2884,12660,75,68,0.0,0.030252764612954185,12.981120320406966,77.60921567682536,Shivajinagar,BTP051 - Safina Plaza Junction,164.41558441558442,True,48.76932720937408,36.049518752905676
17253,2884,393,30,32,0.0,0.5725190839694656,12.978954506098473,77.64034140106072,Jeevanbheemanagar,Chinmaya Mission Hospital Road,12.28125,True,38.45663587651884,35.96251495982032
17238,2876,1921,40,36,0.0,0.02706923477355544,12.943988510849575,77.57143149635606,Basavanagudi,BTP108 - Tagore Park Junction,45.73809523809524,True,40.98549486587084,35.82331664445749
17259,2871,159,13,11,0.0,0.050314465408805034,12.921612359060884,77.66738247914967,Bellandur,Outer Ring Road,10.6,True,32.26083056653046,35.772604328075445
17255,2870,175,5,5,0.0,0.0,12.917239937142858,77.65172178628572,HSR Layout,27th Main Road,25.0,True,27.644181539823187,35.77185743747755
17245,2873,343,6,6,0.0,0.04664723032069971,12.93087184723032,77.60639564752186,Mico Layout,"BTP127 - Sagar Hospital, Jayanagar",42.875,True,28.315380700269525,35.686575922143376
17241,2896,1092,23,21,0.004578754578754579,0.0009157509157509158,13.034862836400473,77.588808467939,Hebbala,Bellary Road,43.68,True,35.98029152802702,35.55797053739899
17254,2931,939,27,26,0.0,0.0,13.191237390181044,77.64621057289669,Chikkajala,Bengaluru Bellary Road,32.37931034482759,True,37.05682398742472,35.47770398359343
17255,2880,236,11,12,0.03389830508474576,0.2966101694915254,12.96116959536511,77.64905762264567,Jeevanbheemanagar,5th Main Road,18.153846153846153,True,31.567748973725607,35.41081018966681
17249,2896,343,6,6,0.0,0.0,13.03456049271137,77.62412647784257,K.G. Halli,5th Cross Road,42.875,True,28.095555627383234,35.409524935748806
17241,2873,325,28,27,0.009230769230769232,0.3723076923076923,12.930235273538461,77.58573306523077,Jayanagara,BTP225 - Geetha Junction,10.833333333333334,True,37.48990167093277,35.3924890675986
17227,2877,144,7,7,0.0,0.0,12.949474807638888,77.52281158472222,Byatarayanapura,BTP098 - Nayandahalli Junction,16.0,True,28.721022094065624,35.359742668015706
17277,2881,75,8,9,0.0,0.02666666666666667,12.967084663942824,77.74945675019403,Whitefield,Whitefield Main Road,7.5,True,29.17850321658706,35.17196052326994
17239,2899,868,26,24,0.0,0.0,13.047539397465439,77.57612850426268,Kodigehalli,Bhadrappa Flyover,31.0,True,36.40603081115652,35.14396916443832
17255,2882,155,24,24,0.0,0.5161290322580645,12.97041001796264,77.6480908226766,Jeevanbheemanagar,Sir CV Raman Hospital Road,5.961538461538462,True,35.77876029136083,35.140164383521096
17238,2899,214,13,12,0.0,0.0,13.04744554953271,77.57393254626169,Kodigehalli,Bhadrappa Flyover,14.266666666666667,True,31.6892081733847,35.138757606339595
17278,2885,65,8,9,0.0,0.2923076923076923,12.98342605846154,77.75209436,Whitefield,Whitefield Main Road,6.5,True,29.14961082070766,35.13713343842087
17233,2891,2185,53,48,0.0,0.013272311212814645,13.011576655331806,77.5516332043936,Malleshwaram,BTP023 - Mahalaxmi Layout Entrance,39.72727272727273,True,43.059231236283495,35.04438374154028
17240,2873,988,42,41,0.0,0.003036437246963563,12.92999856082996,77.58227205283401,Jayanagara,"BTP188 - 27th Cross, 4th Main, Jayanagar",22.454545454545453,True,40.568460686831074,35.036577612717984
17237,2883,1329,37,34,0.0007524454477050414,0.12340105342362678,12.97696599139963,77.57073743693086,Chamarajpet,BTP048 - Shanthala Junction,34.07692307692308,True,39.35463579461371,35.03316836617305
17246,2869,241,6,6,0.0,0.0,12.913636012448134,77.60832211120332,Mico Layout,"BTP163 - 16th Main Road, BTM Layout",30.125,True,27.756971431776574,34.9827988842626
17244,2910,762,28,26,0.0,0.0,13.097100856167978,77.59949898018372,Yelahanka,Jakkur Main Road,25.4,True,36.60109742742848,34.76072979356873
17238,2887,1105,53,49,0.0,0.42262443438914027,12.994143044072398,77.57179276461538,Malleshwaram,Sri Venkataranga Ayangar Road,20.09090909090909,True,42.70508801614224,34.75615911351587
17269,2881,50,4,2,0.0,0.38,12.96719391,77.714168422,HAL Old Airport,2nd Cross Road,8.333333333333334,True,26.04193247778091,34.73608258461212
17238,2895,687,23,23,0.0,0.06259097525473072,13.028050176855896,77.57346002037846,Sadashivanagar,80 Feet Road,27.48,True,35.0200326368675,34.70737770196921
17239,2884,3898,78,73,0.0,0.09286813750641354,12.978994973018166,77.57837034474599,Upparpet,BTP058 - Subbanna Junction,48.725,True,47.47227263389607,34.6891390766836
17252,2882,168,19,16,0.0,0.44642857142857145,12.969977045833335,77.63705501607143,Jeevanbheemanagar,12th Main Road,8.0,True,33.63329591114539,34.673025649173645
17233,2888,6107,134,121,0.0009824791223186507,0.001473718683477976,12.998923681363646,77.55005113127142,Rajajinagar,BTP027 - Modi Bridge Junction,44.904411764705884,True,56.31607594222757,34.52346758469315
17241,2869,287,19,18,0.0,0.006968641114982578,12.912235300497816,77.58594364547378,J.P. Nagar,"BTP197 - 9th Cross, 24th Main, JP Nagar",13.666666666666666,True,33.4083975901383,34.441174888149924
17237,2887,71,7,7,0.0,0.6197183098591549,12.993354808450704,77.56892484929577,Sheshadripuram,South End Road,7.888888888888889,True,27.96412292187552,34.42789003872484
17266,2875,581,42,44,0.0,0.0017211703958691911,12.9381659084905,77.6987653585904,HAL Old Airport,Panathur Main Road,13.204545454545455,True,39.85539504686343,34.420745036999904
17253,2880,320,29,29,0.003125,0.0,12.962581994760075,77.64117548017775,Jeevanbheemanagar,"BTP148 - 17th Main, Doopanahalli Bus Stop",10.32258064516129,True,36.56309956078421,34.383658770387996
17242,2901,287,19,17,0.0,0.003484320557491289,13.05826925714517,77.59224943247604,Kodigehalli,4th Cross Road,13.666666666666666,True,33.33011652161332,34.36047386188174
17232,2890,424,18,17,0.0,0.0047169811320754715,13.008019883625293,77.54826680878588,Rajajinagar,BTP023 - Mahalaxmi Layout Entrance,21.2,True,32.930971384029384,34.31810645480835
17241,2870,79,19,19,0.02531645569620253,0.0,12.9163414,77.5858509506329,J.P. Nagar,"BTP177 - Aurobindo Circle, ORR",3.761904761904762,True,33.789999557993106,34.30964525854472
17234,2884,380,44,40,0.0,0.005263157894736842,12.979880821343329,77.55474559971711,Magadi Road,"BTP062 - Basava Mantapa, Dr. Rajkumar Road",8.26086956521739,True,40.12977731561765,34.25903911819591
17277,2899,207,20,20,0.0,0.0,13.045910895169081,77.75036422028985,K.R. Pura,MBT Road,9.409090909090908,True,33.57603212134133,34.25601034826547
17251,2904,105,7,6,0.0,0.0,13.071452838095237,77.63356709238094,Hennuru,Thanisandra Main Road,11.666666666666666,True,27.80131749119561,34.22745294721246
17238,2881,2826,86,76,0.05980184005661713,0.13552724699221513,12.96645193367329,77.57446479043875,Chamarajpet,"BTP083 - AS Char Street, Mysore Road",32.11363636363637,True,50.81607551147314,34.19662481444598
17232,2878,65,18,18,0.0,0.7538461538461538,12.95444334083169,77.54472014415022,Byatarayanapura,"BTP095 - Satellite Bus Stand, Mysore Road",3.25,True,32.75986723096408,34.139794965867495
17260,2870,267,24,19,0.0,0.0,12.917215266537607,77.67258531029962,Bellandur,Sarjapura Main Road,10.26923076923077,True,34.647640295903095,34.02923314235481
17230,2874,244,4,3,0.0,0.11475409836065574,12.934975759016393,77.53651790614755,Banashankari,8th Main Road,40.666666666666664,True,25.43849315022668,33.931183856969284
17253,2867,102,4,4,0.0,0.0,12.904173986524343,77.64068093629604,HSR Layout,27th Cross Road,17.0,True,25.41083075841984,33.894286321538296
17245,2885,4557,65,62,0.026991441737985518,0.007022163704191354,12.984106527847953,77.60392456237203,Shivajinagar,BTP211 - Central Street Junction,68.01492537313433,True,44.96005055728195,33.875169513827736
17236,2888,570,10,10,0.0017543859649122807,0.021052631578947368,12.996416275964913,77.56323587175439,Sheshadripuram,4th Main Road,47.5,True,29.088416418726297,33.756488883487215
17268,2879,80,3,1,0.0,0.0,12.95658039,77.70866843249999,HAL Old Airport,Marathahalli Bridge Service Road,16.0,True,24.409942333847205,33.74953103046915
17238,2886,1067,35,33,0.0,0.019681349578256794,12.989602811996251,77.57327333992502,Sheshadripuram,BTP054 - Shivananda Circle,28.83783783783784,True,37.393598572448994,33.74653931051073
17240,2881,1824,50,46,0.0021929824561403508,0.0537280701754386,12.965241676754385,77.58326652631578,Halasuru Gate,"BTP080 - NR Road, SP Road Junction",35.07692307692308,True,40.73077622516653,33.60327236536471
17229,2893,339,27,27,0.0,0.0029498525073746312,13.020356235103247,77.53211936017699,Rajajinagar,Dr Rajkumar Puniya Bhoomi Road,11.689655172413794,True,35.017622326875454,33.52539978989432
17251,2915,188,7,7,0.0,0.0,13.121144252659574,77.63144922978724,Yelahanka,Bellahali Main Road,20.88888888888889,True,27.18668057597309,33.47074578388968
17252,2868,78,7,7,0.0,0.0,12.907274001282051,77.6362599551282,HSR Layout,Hosapalya Main Road,8.666666666666666,True,27.155889369563525,33.43283734415819
17250,2869,409,19,18,0.007334963325183374,0.0,12.912188143528835,77.62584404654757,HSR Layout,Hosur Road,19.476190476190474,True,32.57244716125689,33.43277427558233
17243,2861,531,29,27,0.0,0.6572504708097928,12.876283388929558,77.5959759832382,Hulimavu,Shri Ramalingeshwara Cave Temple Road,17.129032258064516,True,35.39327658220416,33.35143649260673
17233,2890,709,35,32,0.0,0.0028208744710860366,13.007716176420692,77.54868942780254,Rajajinagar,BTP023 - Mahalaxmi Layout Entrance,19.16216216216216,True,36.89706306744821,33.29843173118513
17237,2895,155,18,18,0.0,0.8838709677419355,13.029154550967743,77.57072419354839,Sadashivanagar,Padmasri CK Venkata Ramaiah Road,7.75,True,31.75510437738235,33.09270898200923
17235,2885,313,28,27,0.0,0.10543130990415335,12.984449262619808,77.56006034249201,Rajajinagar,BTP010 - Rajajinagar Entrance,10.433333333333334,True,34.80165219645816,33.05176383766789
17238,2883,3148,75,68,0.005082592121982211,0.0044472681067344345,12.976619661721728,77.57463358081321,Upparpet,BTP045 - Danvanthri Road Junction,40.883116883116884,True,44.85735170764494,33.01794480822345
17247,2915,58,3,3,0.0,0.0,13.121511134482759,77.6135264137931,Yelahanka,Bagaluru Main Road,11.6,True,23.81231569956753,32.92324400519055
17247,2884,1498,42,42,0.0,0.004005340453938585,12.981009421094793,77.61322855053405,Shivajinagar,Gangadhara Chetty Road,34.04545454545455,True,37.95635603748393,32.780657478457115
17260,2871,78,13,13,0.0,0.15384615384615385,12.923311069230769,77.67219177435898,Bellandur,Outer Ring Road,5.2,True,29.56101757469173,32.77890143137934
17234,2880,471,36,35,0.004246284501061571,0.0,12.963972360721868,77.55498793375797,Magadi Road,BTP091 - Sirsi Circle,12.394736842105264,True,36.66295433388868,32.772111668004946
17274,2896,103,10,9,0.0,0.0,13.035427968932039,77.73534413009709,K.R. Pura,MBT Road,8.583333333333334,True,28.200219828861385,32.756114559269314
17249,2871,178,26,23,0.033707865168539325,0.7921348314606742,12.921256548859157,77.62173677970603,Madiwala,BTP137 - Madiwala Traffic PS Junction,6.357142857142857,True,34.647592657529664,32.72982940881188
17265,2874,334,35,34,0.0,0.005988023952095809,12.936371645568016,77.69299402370049,HAL Old Airport,Embassy Tech Square Main Road,9.027027027027026,True,36.22503924461945,32.691951498726326
17239,2882,5618,113,99,0.000711997152011392,0.163937344250623,12.971908266138817,77.57765435715399,Upparpet,BTP044 - Sagar Theatre Junction,48.85217391304348,True,50.28100366937589,32.68987222819756
17254,2879,465,11,10,0.0,0.0,12.959000619169458,77.645548736276,Jeevanbheemanagar,"BTP148 - 17th Main, Doopanahalli Bus Stop",35.76923076923077,True,28.60438464829177,32.68168905661813
17260,2861,66,11,11,0.0,0.5909090909090909,12.87599570909091,77.67116537727273,Electronic City,Amrutha College Road,5.076923076923077,True,28.558745298753784,32.6295442176822
17265,2890,3715,63,65,0.13808882907133244,0.010767160161507403,13.008288554741807,77.69514625279524,K.R. Pura,MBT Road,57.15384615384615,True,47.126978878316685,32.611950160881875
17227,2888,62,3,3,0.0,0.016129032258064516,12.99926167419355,77.52474724677418,Rajajinagar,2nd Cross Road,12.4,True,23.553610743319737,32.565554878800675
17245,2869,384,3,3,0.0,0.0,12.913608571093748,77.60552248828125,Mico Layout,"BTP163 - 16th Main Road, BTM Layout",76.8,True,23.536892433929893,32.54243990811321
17242,2903,207,16,15,0.0,0.08695652173913043,13.064369137198067,77.5904888294686,Kodigehalli,20th Main Road,11.5,True,30.484566742919416,32.50959403864071
17253,2881,334,28,26,0.023952095808383235,0.0,12.966661693413172,77.64149746706586,Jeevanbheemanagar,"BTP148 - 17th Main, Doopanahalli Bus Stop",11.133333333333333,True,34.72933066178513,32.47263387607566
17242,2900,381,21,21,0.0,0.46981627296587924,13.052096927821522,77.5927770144357,Kodigehalli,Bellary Road,16.565217391304348,True,32.01830899565993,32.34125093962446
17242,2897,240,23,21,0.0,0.0,13.03905077375,77.58966771291666,Hebbala,Hebbal Flyover,9.6,True,32.63110618027377,32.3397793136131
17265,2872,236,22,22,0.0,0.11440677966101695,12.926580748666144,77.69484434837244,Bellandur,Doddakannelli Road,9.833333333333334,True,32.324811120618264,32.33684883824781
17263,2890,1241,25,25,0.0,0.0,13.005726351958412,77.68584629663951,K.R. Pura,MBT Road,45.96296296296296,True,33.15773054659274,32.28173243751565
17246,2885,2865,57,59,0.00034904013961605586,0.00593368237347295,12.983139383944154,77.60943045148342,Shivajinagar,BTP051 - Safina Plaza Junction,48.559322033898304,True,40.39748847945066,32.238606885747046
17235,2884,446,47,44,0.0,0.0,12.980826530706807,77.5584499404864,Magadi Road,BTP010 - Rajajinagar Entrance,9.10204081632653,True,38.37792961535656,32.222224277749525
17234,2888,545,29,28,0.0,0.0,12.99826320972477,77.55364140678898,Malleshwaram,BTP008 - Navarang Theatre,17.580645161290324,True,34.192875703695805,32.2202868073761
17239,2869,107,6,6,0.0,0.0,12.911204181377643,77.57763758691588,J.P. Nagar,BTP196 - Sarakki Main Road,13.375,True,25.534506434601816,32.181771177959206
17241,2879,451,45,43,0.0,0.0,12.957694067405766,77.58631474478935,Wilson Garden,BTP192 - Urvashi Theater,9.595744680851064,True,37.90972761449565,32.181691821823755
17222,2870,51,3,3,0.0,0.8431372549019608,12.917050117647058,77.50018557647059,Kengeri,Global City Tech Park Road,10.2,True,23.271901537968755,32.176059752694684
17248,2882,881,39,36,0.0022701475595913734,0.0771850170261067,12.97220031321952,77.61827235108028,Halasur,BTP143 - ASC Junction,21.48780487804878,True,36.64221041412125,32.17374924357138
17250,2896,131,3,3,0.0,0.0,13.034808329007634,77.62606862442748,K.G. Halli,5th Cross Road,26.2,True,23.24478237484383,32.13856441473414
17249,2883,449,28,27,0.004454342984409799,0.2739420935412027,12.974095708262368,77.62308119424503,Halasur,Old Madras Road,14.966666666666667,True,33.89556763893379,32.098590927468635
17223,2901,106,7,7,0.0,0.02830188679245283,13.055284109433963,77.50755399245283,Chikkabanavara,Hesaraghatta Main Road,11.777777777777779,True,26.05756871390977,32.080645363535474
17252,2884,119,18,16,0.0,0.6386554621848739,12.978767876470588,77.6376699117647,Jeevanbheemanagar,Chinmaya Mission Hospital Road,5.95,True,30.753319758026738,32.04872668306894
17240,2872,572,25,25,0.0,0.0,12.927691007867132,77.58131758776223,Jayanagara,"BTP189 - New Diagonal Road, Jayanagar",21.185185185185187,True,32.880452046239114,32.01177939152798
17261,2889,487,23,22,0.0,0.0,13.000752897026056,77.67695896363244,Banaswadi,MBT Road,19.48,True,32.23870785498565,31.950884276689084
17242,2875,104,13,11,0.0,0.028846153846153848,12.938284772115384,77.59263543076923,Wilson Garden,8th Main Road,6.933333333333334,True,28.794236484482795,31.928651885270256
17263,2929,245,3,3,0.0,0.0,13.18390672612245,77.68595024571428,Chikkajala,Unnamed Road,49.0,True,23.05878510184566,31.88140195810964
17251,2916,115,15,15,0.0,0.0,13.122238743043477,77.63087987260869,Chikkajala,Bagaluru Main Road,6.764705882352941,True,29.28334241359234,31.616518221182226
17261,2867,70,14,13,0.0,0.7571428571428571,12.903377862857143,77.67586590142858,Bellandur,Amrutha College Road,4.375,True,28.791397950558267,31.491428502493488
17246,2874,150,17,16,0.0,0.0,12.93560284,77.60875972333334,Mico Layout,BTP136 - Hosur-Tavarkere Road Junction,7.894736842105263,True,29.81213058248855,31.420121758600473
17243,2862,98,7,6,0.0,0.0,12.881828348979592,77.59593889795919,J.P. Nagar,Bannerghatta Main Road,10.88888888888889,True,25.478288127556752,31.36746696762274
17226,2879,522,27,27,0.0,0.0,12.957318605172413,77.51881280421456,Byatarayanapura,Gnana Bharathi Road,18.0,True,32.75685334356511,31.36097002677182
17262,2869,206,21,18,0.0,0.0,12.912405691515795,77.68102520694,Bellandur,Sarjapura Main Road,8.956521739130435,True,31.010647697694758,31.323426203656776
17234,2889,304,25,25,0.0,0.0,13.003678367281513,77.5534763802639,Malleshwaram,"BTP001 - 10th Cross, Dr. Rajkumar Road",11.25925925925926,True,32.13674259805235,31.287718093548566
17269,2879,120,16,15,0.0,0.31666666666666665,12.956220294166666,77.7137778175,HAL Old Airport,HAL Airport Road,6.666666666666667,True,29.31154321831846,31.25864896521564
17251,2884,90,15,15,0.0,0.13333333333333333,12.980706333323077,77.63077463650097,Halasur,Old Madras Road,5.294117647058823,True,28.93860422423713,31.244312716382087
17230,2886,727,39,39,0.0,0.0,12.988462269525183,77.53764819807144,Vijayanagara,BTP208 - Havanur Circle,17.73170731707317,True,35.51570915147216,31.23409781367581
17257,2881,88,5,4,0.022727272727272728,0.0,12.966820373863635,77.65828947727273,Jeevanbheemanagar,1st Cross Road,12.571428571428571,True,24.40017967303528,31.23379533552115
17235,2896,184,10,10,0.0,0.0,13.033452664130435,77.55819146847826,Yeshwanthpura,MS Ramaiah Road,15.333333333333334,True,26.88767773353821,31.231524343335344
17223,2882,114,13,13,0.0,0.0,12.971569825438596,77.50755865087719,Jnanabharathi,Kengeri Main Road,7.6,True,28.142062990263057,31.205485619793347
17267,2880,138,14,12,0.0,0.0,12.96101970940276,77.70168520797506,HAL Old Airport,Outer Ring Road,8.625,True,28.50837829836449,31.18186753024872
17265,2888,285,21,19,0.0,0.19649122807017544,12.996517981110111,77.69361130700341,Mahadevapura,Whitefield Road,12.391304347826088,True,30.84641149384154,31.157533486370916
17242,2879,58,22,22,0.0,0.8793103448275862,12.957451410344827,77.5924393586207,Wilson Garden,"BTP102 - BMTC Junction, KH Road",2.4166666666666665,True,31.121511101866385,31.133100712133597
17238,2869,230,18,16,0.06086956521739131,0.0,12.911723036956522,77.57333005260871,J.P. Nagar,"BTP117 - 9th Cross, Kanakapura Road",11.5,True,30.8802513440387,31.027578391116027
17249,2870,54,13,11,0.0,0.0,12.91735151111111,77.6227917925926,Madiwala,BTP137 - Madiwala Traffic PS Junction,3.6,True,27.970942599647795,31.015737807401432
17262,2931,293,9,9,0.010238907849829351,0.0,13.19069966996587,77.68070501433446,Devanahalli Airport,Unnamed Road,26.636363636363637,True,26.368217256832065,31.01165755125273
17250,2874,123,15,14,0.0,0.008130081300813009,12.936833346178862,77.62730031593496,Adugodi,Srinivagilu Main Road,7.235294117647059,True,28.699531825177875,30.986192015736584
17240,2880,2376,88,81,0.0,0.08080808080808081,12.96379579935405,77.58268278925942,Halasuru Gate,"BTP080 - NR Road, SP Road Junction",26.4,True,43.90698316932548,30.940315412497274
17250,2882,176,15,15,0.0,0.03409090909090909,12.972074801136364,77.62648010284092,Halasur,BTP144 - Commando Hospital Junction,10.352941176470589,True,28.65073525994328,30.933507541673453
17240,2871,258,23,23,0.007751937984496124,0.0,12.92138504529576,77.58202844439383,Jayanagara,"BTP190 - 36th Cross, 4th Main, Jayanagar",10.32,True,31.284774248368414,30.856650389106843
17277,2875,81,17,15,0.0,0.12345679012345678,12.93914850123457,77.74692058395061,Whitefield,Varthur Main Road,4.2631578947368425,True,29.23146338031132,30.808134831226983
17231,2890,217,15,15,0.0,0.004608294930875576,13.008422967741936,77.54300160552995,Rajajinagar,Shreepuram Main Road,12.764705882352942,True,28.53108289675676,30.80432177225329
17233,2884,325,24,24,0.0,0.003076923076923077,12.980932119384617,77.54919637261538,Magadi Road,"BTP024 - NPS, Vijayanagar",12.5,True,31.36323500426611,30.803449439667432
17251,2869,401,15,14,0.0,0.0024937655860349127,12.912507099444248,77.63335795672506,HSR Layout,17th Cross Road,23.58823529411765,True,28.51423472768592,30.78613121063985
17245,2874,159,10,10,0.0,0.24528301886792453,12.9364634163522,77.60578283773584,Mico Layout,BTP126 - Dairy Circle,13.25,True,26.47194167764157,30.748623927806243
17267,2879,561,44,43,0.0053475935828877,0.0,12.957142372628134,77.70273660578088,HAL Old Airport,HAL Airport Road,12.195652173913043,True,36.12194032652143,30.718991133612
17270,2887,101,9,8,0.0,0.0,12.993244408910892,77.71701642970297,Mahadevapura,Hoodi Main Road,9.181818181818182,True,25.97802450035852,30.715970125781567
17243,2909,422,19,19,0.0,0.0071090047393364926,13.093627214691942,77.59435891706161,Yelahanka,Allalasandra Main Road,20.095238095238095,True,29.748092674914435,30.667716392002458
17266,2891,407,44,41,0.0,0.0,13.010640842186731,77.69776091194103,K.R. Pura,MBT Road,8.847826086956522,True,35.918983206763656,30.664258141483238
17238,2877,95,17,17,0.0,0.8631578947368421,12.949139340086214,77.57309468516284,V.V.Puram (C.Pet),BTP107 - National College Junction,5.0,True,29.034912852770837,30.600982863676343
17241,2881,848,49,46,0.0011792452830188679,0.0,12.967144615018848,77.58708140782751,Halasuru Gate,BTP076 - Hudson Circle,16.627450980392158,True,36.85347453636669,30.586864970255846
17247,2883,611,36,35,0.0,0.0,12.973929553682488,77.61447792782324,Halasur,Mahatma Gandhi Road,16.07894736842105,True,34.09361397005253,30.56427803356959
17246,2888,732,26,23,0.001366120218579235,0.004098360655737705,12.999181357650274,77.61085835396175,Pulikeshinagar(F.Town),Robertson Road,26.142857142857142,True,31.587856101317964,30.46634264619322
17222,2886,304,21,21,0.0,0.0,12.989509975242795,77.50126691332159,Kamakshipalya,Magadi Main Road,13.217391304347826,True,30.08268558050848,30.38610450754675
17279,2890,106,6,6,0.0,0.0,13.007482574528302,77.75773873679246,Mahadevapura,Whitefield Main Road,13.25,True,24.10725424850097,30.38296988199612
17242,2878,337,54,51,0.0,0.34124629080118696,12.953639640949556,77.59155668397626,Wilson Garden,BTP103 - Shanti Nagar TTMC,6.017857142857143,True,37.3411625244928,30.24092236367407
17237,2876,458,38,35,0.0,0.015283842794759825,12.944253783062983,77.56917441397552,Basavanagudi,BTP215 - Vanivillas Junction,11.45,True,34.11244353092667,30.188732018305807
17243,2876,386,37,35,0.0,0.0,12.944980887769542,77.59550829639896,Wilson Garden,"BTP123 - 10th Cross, Wilson Garden",9.897435897435898,True,33.875782614480336,30.171580302255226
17241,2878,366,48,46,0.0,0.0,12.95485439043716,77.5857293237705,Wilson Garden,BTP192 - Urvashi Theater,7.32,True,36.11440716464489,30.15903962612627
17253,2878,50,7,7,0.0,0.0,12.953212012,77.64065466400001,Jeevanbheemanagar,Domlur Inner Ring Road,5.555555555555555,True,24.43193247778091,30.07925144402051
17264,2888,114,13,12,0.0,0.14912280701754385,12.998362153333733,77.68983022126363,Mahadevapura,Whitefield Road,7.6,True,27.081244276812765,30.029190793105116
17232,2892,52,5,5,0.0,0.1346153846153846,13.016094069230768,77.54621607884616,Rajajinagar,MEC Road,7.428571428571429,True,23.18444753368164,30.000915409515944
17267,2867,162,11,11,0.0,0.006172839506172839,12.903771777790668,77.70394104671384,Bellandur,Chikkabellanduru Road,12.461538461538462,True,26.233913547633986,29.973328069939
17244,2884,2112,50,53,0.000946969696969697,0.007575757575757576,12.981226883620057,77.5987366853274,Shivajinagar,BTP042 - Minsk Square Junction (CTO),40.61538461538461,True,36.27749457682796,29.957010830024963
17241,2867,79,14,13,0.012658227848101266,0.012658227848101266,12.904363592405064,77.58569813544304,J.P. Nagar,"BTP221 - 15th Cross, 24th Main, JP Nagar",4.9375,True,27.529662005250486,29.89753120398181
17279,2889,104,11,10,0.0,0.0,13.003139294909253,77.75709408047788,Mahadevapura,Whitefield Main Road,8.0,True,26.154172381918688,29.882220499719857
17242,2884,211,44,43,0.0,0.8862559241706162,12.979682731753554,77.5922555336493,Cubbon Park,BTP047 - Vidhan Soudha Metro Station,4.586956521739131,True,34.939424189851536,29.828002549655828
17247,2887,984,32,30,0.0040650406504065045,0.0010162601626016261,12.995207406199187,77.61396474817073,Pulikeshinagar(F.Town),Coles Road,28.941176470588236,True,32.42833745304299,29.801251733566847
17267,2874,143,22,24,0.0,0.02097902097902098,12.936830796242939,77.70322411268896,HAL Old Airport,Panathur Main Road,5.958333333333333,True,29.732285248991708,29.74335751335771
17261,2869,178,20,17,0.0,0.11797752808988764,12.913697857350366,77.67791021733947,Bellandur,Sarjapura Main Road,8.090909090909092,True,29.103023369140157,29.69241469915683
17231,2888,751,35,35,0.0,0.06258322237017311,12.998576128118575,77.54154988025921,Vijayanagara,"BTP206 - Shankara Mutt Circle, Vijayanagar",20.2972972972973,True,32.85952702952822,29.654683233503516
17257,2879,65,17,17,0.0,0.4461538461538462,12.95907184363985,77.65837463590208,Jeevanbheemanagar,Old Airport Road,3.4210526315789473,True,28.07268774378458,29.58685775779446
17274,2880,88,5,5,0.0,0.0,12.96362909797824,77.73311165045703,Whitefield,Nallurahalli Road,12.571428571428571,True,22.83237664273225,29.54533202750174
17224,2883,67,5,5,0.0,0.029850746268656716,12.974199826865672,77.50916483134328,Jnanabharathi,Kengeri Main Road,9.571428571428571,True,22.82842827519243,29.54022279898138
17229,2877,101,16,16,0.0,0.0,12.947535516831683,77.53352306930694,Byatarayanapura,BTP098 - Nayandahalli Junction,5.611111111111111,True,27.566803378246316,29.39800963311942
17251,2873,608,23,20,0.0,0.001644736842105263,12.93195333618421,77.63200181052632,Adugodi,Srinivagilu Main Road,24.32,True,29.579212187864663,29.315132289458063
17255,2881,165,28,27,0.006060606060606061,0.024242424242424242,12.968559281506925,77.6494616401982,Jeevanbheemanagar,Jeevan Bhima Nagar Main Road,5.5,True,30.89981094306894,29.231197955163314
17226,2897,346,37,32,0.0,0.002890173410404624,13.039821011849712,77.5186455251445,Peenya,Jalahalli Cross Road,8.871794871794872,True,32.81580763311454,29.227510001869337
17233,2880,210,22,21,0.0,0.0,12.96378675047619,77.55104888619047,Magadi Road,"BTP093 - Toll Gate, Mysore Road",8.75,True,29.102002330380085,29.112839878206746
17244,2885,395,34,41,0.015189873417721518,0.10379746835443038,12.98430304607595,77.60145916329114,Shivajinagar,BTP211 - Central Street Junction,10.972222222222221,True,32.34844843352587,29.09106793287851
17226,2874,373,13,13,0.0,0.005361930294906166,12.936005218230564,77.51806129168901,Byatarayanapura,Sri Sri Sri Tiruchi Mahaswamiji Road,24.866666666666667,True,26.234843920071636,29.090654973253823
17223,2886,153,21,21,0.0,0.0,12.98974409869281,77.5060438,Kamakshipalya,Magadi Main Road,6.6521739130434785,True,28.78103574383437,29.071326015993534
17241,2894,460,37,34,0.0,0.0,13.024324488005137,77.58518126625242,R.T. Nagar,Bellary Road,11.794871794871796,True,32.62583783390433,29.05831275801218
17242,2904,576,38,32,0.0,0.3072916666666667,13.070783503595473,77.59240142426219,Kodigehalli,RK Road Number 7,14.4,True,32.811490720936334,29.037418547793088
17242,2894,257,12,12,0.0,0.0,13.02426083463035,77.59231960272373,R.T. Nagar,RT Nagar Main Road,18.357142857142858,True,25.792292551233416,29.01761886483834
17228,2880,983,17,17,0.0,0.0,12.96083009220836,77.52825816565488,Byatarayanapura,BTP017 - Attiguppe Circle,51.73684210526316,True,27.51269304339243,28.99665835484311
17267,2881,58,17,16,0.0,0.0,12.9669613618387,77.70200594467208,HAL Old Airport,Outer Ring Road,3.0526315789473686,True,27.51001684899282,28.99383781326347
17221,2899,145,19,16,0.0,0.0,13.04890807813793,77.49734607250574,Chikkabanavara,Mumbai Bengaluru Highway,6.904761904761905,True,28.08544837394225,28.953673598059172
17274,2885,130,5,4,0.11538461538461539,0.0,12.986367685384616,77.73419690076923,Whitefield,Pattandur Agrahara Road,18.571428571428573,True,23.646287659639185,28.924293296531435
17235,2893,193,22,21,0.0,0.44041450777202074,13.018885520693713,77.55802153970191,Yeshwanthpura,Triveni Road,8.041666666666666,True,28.895399511055057,28.90616012026045
17223,2898,123,19,18,0.024390243902439025,0.0,13.045279301626017,77.50679013658535,Peenya,Mumbai Bengaluru Highway,5.857142857142857,True,28.445331283172457,28.8989500523791
17238,2879,299,39,37,0.0,0.3745819397993311,12.957990787959867,77.5743348799331,V.V.Puram (C.Pet),BTP105 - Shivasankara Circle,7.2926829268292686,True,32.820412438128635,28.86373373556022
17264,2848,178,14,14,0.0,0.0,12.818492275280898,77.68919602303372,Electronic City,Hosur Road,11.125,True,26.3313005226982,28.800625423335564
17236,2884,249,29,28,0.0,0.3132530120481928,12.98128347321017,77.56351044577862,Magadi Road,BTP010 - Rajajinagar Entrance,8.03225806451613,True,30.472641073415257,28.714672719309917
17242,2893,233,11,12,0.0,0.0,13.020978106866952,77.59252038712447,R.T. Nagar,RT Nagar Main Road,17.923076923076923,True,25.112461251139084,28.692022574417162
17266,2887,291,27,24,0.0,0.2268041237113402,12.994963999352747,77.69794125173954,Mahadevapura,Whitefield Road,10.03448275862069,True,29.94739024812429,28.671227913775205
17260,2872,67,12,12,0.0,0.0,12.924412459662287,77.67343070710811,Bellandur,Outer Ring Road,4.785714285714286,True,25.43688598663521,28.61776870754478
17244,2886,1002,47,48,0.008982035928143712,0.0029940119760479044,12.989416300698604,77.59968640309381,Shivajinagar,BTP171 - Indian Express (Balekundri),20.448979591836736,True,34.30986205391682,28.61755775325189
17254,2880,331,27,27,0.0,0.006042296072507553,12.960235871274778,77.64466643587112,Jeevanbheemanagar,"BTP148 - 17th Main, Doopanahalli Bus Stop",11.413793103448276,True,29.8765214293056,28.603379061521444
17223,2891,72,11,9,0.0,0.0,13.010795259722222,77.50633090972222,Peenya,Rajgopal Nagar Main Road,5.538461538461538,True,25.016847436680056,28.582779848447394
17246,2887,564,27,24,0.0,0.008865248226950355,12.994348384929078,77.60974963492907,Pulikeshinagar(F.Town),Saunders Road,19.448275862068964,True,29.82940282068554,28.5582683405026
17223,2899,120,15,14,0.041666666666666664,0.0,13.046553520833333,77.5067898475,Chikkabanavara,Hesaraghatta Main Road,7.0588235294117645,True,27.075432107207348,28.540424623631903
17248,2883,326,34,35,0.0,0.18404907975460122,12.974961594198458,77.61983413199638,Halasur,Murphy Road,9.055555555555555,True,31.39381017915027,28.52518064215877
17249,2888,151,10,10,0.0,0.13245033112582782,12.998983550331126,77.62410695298014,Pulikeshinagar(F.Town),Banaswadi Main Road,12.583333333333334,True,24.52821875383402,28.49088228075155
17237,2879,203,19,18,0.0,0.0,12.957844766078573,77.56820746325843,Chamarajpet,BTP214 - 5th Main Chamrajpet  Junction,9.666666666666666,True,27.610040208900795,28.46356880595503
17232,2881,205,20,20,0.0,0.0,12.967651511219513,77.54599938585366,Vijayanagara,1st Main Road,9.318181818181818,True,27.88030029234973,28.444929164826142
17238,2885,330,29,28,0.0,0.012121212121212121,12.98591579,77.5743357069697,Sheshadripuram,BTP057 - Anand Rao Junction,10.64516129032258,True,30.1675431425042,28.427175904959526
17244,2868,612,19,19,0.0,0.0,12.908031759313726,77.60080993415033,Mico Layout,BTP130 - GD Mara Junction,29.142857142857142,True,27.5473267522902,28.398916644140378
17251,2867,198,17,17,0.0,0.010101010101010102,12.905070699345808,77.63041170981478,HSR Layout,Hosur Road,10.421052631578947,True,26.93325623056638,28.385968180920955
17263,2868,71,10,10,0.0,0.0,12.910064505633802,77.6863325028169,Bellandur,Sarjapura Main Road,5.916666666666667,True,24.427972687133728,28.374440931539432
17241,2886,915,34,31,0.0,0.20327868852459016,12.991240683825136,77.5885391220765,High ground,BTP032 - Windsor Circle,25.416666666666668,True,31.218255540606837,28.365667421289956
17231,2891,53,7,7,0.0,0.018867924528301886,13.01040943773585,77.54348793396227,Rajajinagar,8th Main Road,5.888888888888889,True,23.02896478905097,28.351994792688394
17246,2915,69,5,5,0.0,0.043478260869565216,13.120568126086956,77.61022552463768,Yelahanka,Bellary Road,9.857142857142858,True,21.900709508669124,28.339745099529967
17247,2874,847,56,54,0.09090909090909091,0.0023612750885478157,12.935375780401417,77.61457697166469,Adugodi,BTP135 - UCO Bank Junction,14.60344827586207,True,37.92815719451279,28.304447734088143
17232,2861,56,8,7,0.017857142857142856,0.0,12.877006568186872,77.54481721392857,Thalagattapura,Konanakunte Main Road,5.6,True,23.67097034265339,28.273763736208192
17252,2907,88,4,4,0.0,0.0,13.083752518181818,77.63699434772728,Hennuru,Munninarasimha Road,14.666666666666666,True,21.163437248792853,28.228892179009573
17239,2878,172,24,23,0.0,0.45348837209302323,12.953259960263646,77.57823546983035,V.V.Puram (C.Pet),BTP119 - Minerva Circle,6.615384615384615,True,28.72151297613473,28.20887809152264
17241,2895,173,15,15,0.0,0.011560693641618497,13.028036748554912,77.58616476531792,R.T. Nagar,11th Cross Road,10.176470588235293,True,26.101447543303717,28.181103106216685
17237,2865,65,8,7,0.0,0.0,12.894246493846154,77.56830330923077,K.S. Layout,Bikasipura Main Road,6.5,True,23.37525184634869,28.176682986737323
17237,2880,74,22,21,0.0,0.14864864864864866,12.962423378590232,77.569382211947,Chamarajpet,BTP085 - Briyand Circle,3.0833333333333335,True,28.05244646713552,28.06289316172344
17237,2875,223,25,24,0.0,0.017937219730941704,12.940916660986547,77.56687073497758,Basavanagudi,BTP109 - Dewan Madhava Rao Junction,8.25925925925926,True,28.822696687841,28.061226364606053
17256,2860,414,22,21,0.0,0.004830917874396135,12.87080780852355,77.65447645951079,Electronic City,Hosa Road,17.25,True,28.028929510516416,28.039367447420272
17249,2890,103,4,4,0.11650485436893204,0.0,13.006799039805825,77.62135237864078,Pulikeshinagar(F.Town),Lingarajapuram Flyover,17.166666666666668,True,22.19277646316559,28.01528879025753
17241,2874,273,10,9,0.018315018315018316,0.0,12.937227662746107,77.58512598684467,Wilson Garden,BTP218 - Syndicate Bank Junction,22.75,True,24.331444444785586,27.988864111382608
17242,2898,78,23,23,0.01282051282051282,0.0,13.042756973804895,77.59037173873229,Kodigehalli,Hebbal Flyover,3.12,True,28.463581677255835,27.985536342297905
17247,2882,461,28,25,0.0,0.0,12.972894434707158,77.61515187136659,Halasur,BTP141 - Palmgroove Junction,15.366666666666667,True,29.46342194422792,27.981949203241868
17266,2882,63,10,9,0.0,0.0,12.97016430014614,77.70046004792002,HAL Old Airport,Outer Ring Road,5.25,True,23.983291586511616,27.857919246151283
17254,2884,83,8,8,0.0,0.4939759036144578,12.979937297590363,77.64514283012048,Jeevanbheemanagar,Sir CV Raman Hospital Road,8.3,True,23.097867270699755,27.842321786916
17240,2882,849,62,61,0.008244994110718492,0.07538280329799764,12.97264306925795,77.58097902991756,Upparpet,BTP038 - Mysore Bank Junction,13.265625,True,35.90260728096577,27.82881477814444
17228,2876,120,12,12,0.0,0.016666666666666666,12.944827070833332,77.527770385,Byatarayanapura,BTP098 - Nayandahalli Junction,8.571428571428571,True,24.70459877387401,27.793908975134794
17238,2882,316,43,40,0.0,0.0,12.969933250960395,77.57492686707467,City Market,BTP043 - Upparpet Junction,7.022222222222222,True,32.35989094713153,27.78475372901716
17236,2864,298,25,23,0.0,0.0,12.88884324838926,77.56291492983222,Thalagattapura,Konanakunte Main Road,11.037037037037036,True,28.508873108638067,27.755693728644225
17233,2885,604,50,49,0.0,0.0016556291390728477,12.984777459182395,77.55033810119205,Magadi Road,"BTP024 - NPS, Vijayanagar",11.615384615384615,True,33.562853965820665,27.7348343778375
17246,2882,433,44,42,0.006928406466512702,0.21939953810623555,12.972064653012945,77.60858212248391,Ashok Nagar,Brigade Road,9.41304347826087,True,32.551154991897576,27.65073109712091
17230,2877,62,14,14,0.0,0.0,12.949495633870969,77.53698634838709,Byatarayanapura,BTP096 - Gali Anjaneya Temple,3.875,True,25.216513969126183,27.5812952224318
17234,2881,201,24,23,0.0,0.0,12.964711415422887,77.55489615771144,Magadi Road,8th Main Road,7.730769230769231,True,28.079447689138743,27.578272683558303
17241,2880,265,34,32,0.0,0.0,12.96182912490566,77.58642424377359,Halasuru Gate,BTP180 - Swagath Poornima Theatre,7.361111111111111,True,30.346173952436423,27.573272847477345
17238,2880,173,34,31,0.07514450867052024,0.3236994219653179,12.962960092485549,77.57337876531793,V.V.Puram (C.Pet),"BTP083 - AS Char Street, Mysore Road",4.805555555555555,True,31.924761608814308,27.53552784409009
17266,2868,61,7,6,0.0,0.0,12.906537238072492,77.69770289575644,Bellandur,Sarjapura Main Road,6.777777777777778,True,22.27778254954989,27.427180536477437
17248,2874,589,47,45,0.044142614601018676,0.001697792869269949,12.935680430560272,77.61670212920204,Adugodi,BTP135 - UCO Bank Junction,12.020408163265307,True,33.578328984533265,27.28291636054329
17241,2871,79,16,16,0.0,0.0,12.922258256962024,77.5857109670886,Jayanagara,"BTP226 - 33rd Cross, 11th Main, Jayanagar",4.388888888888889,True,25.565105043225174,27.26334257984811
17250,2883,160,30,34,0.00625,0.0,12.975842744479047,77.62632867756402,Halasur,Old Madras Road,5.0,True,29.24712492071777,27.238121808928017
17263,2888,72,8,7,0.0,0.0,12.999710881127791,77.68661336318476,Mahadevapura,Whitefield Road,7.2,True,22.541847436680055,27.172091806058763
17220,2892,57,4,3,0.0,0.0,13.01415289122807,77.49216952631578,Kamakshipalya,Thigalarapalya Main Road,9.5,True,20.29801508075601,27.07454712703886
17240,2888,465,41,40,0.0,0.002150537634408602,12.997471050107528,77.58313634129031,Sheshadripuram,BTP032 - Windsor Circle,10.813953488372093,True,31.159940203847324,27.07121907146512
17239,2902,112,14,13,0.0,0.026785714285714284,13.060325121004512,77.57656623039864,Kodigehalli,Kodigehalli Main Road,7.0,True,24.742464972194988,27.062790350970772
17247,2889,237,21,21,0.0,0.008438818565400843,13.001639295780592,77.61299258227848,Pulikeshinagar(F.Town),Madhavaraya Mudaliar Road,10.304347826086957,True,26.790044608268616,27.06025341554396
17269,2886,52,5,4,0.07692307692307693,0.0,12.989372675379574,77.71222096528096,Mahadevapura,Hoodi Main Road,7.428571428571429,True,21.703037277271385,27.059516230495657
17273,2879,102,15,15,0.0,0.0,12.956493202222173,77.73171158880315,Whitefield,HAL Airport Road,6.0,True,25.06148435319108,27.05827994330161
17241,2866,58,9,8,0.017241379310344827,0.0,12.900186048275863,77.58586600000001,J.P. Nagar,24th Main Road,5.2727272727272725,True,23.07668351565949,27.041325715711114
17252,2870,112,19,19,0.0,0.03571428571428571,12.916413707625038,77.63759001309174,HSR Layout,14th Main Road,5.333333333333333,True,26.21627449600452,27.026716633040955
17232,2901,212,16,15,0.0,0.0,13.057223591037737,77.54697281273586,Jalahalli,Soniya Gandhi Road,11.777777777777779,True,25.248881571466843,26.926113030907885
17239,2894,347,22,21,0.0,0.002881844380403458,13.027105790292746,77.5785339055561,Kodigehalli,80 Feet Road,14.458333333333334,True,26.80885366030988,26.818837242553577
17239,2875,240,17,17,0.0,0.03333333333333333,12.93854806375,77.57786881791667,Basavanagudi,BTP216 - Yediyur Junction,12.631578947368421,True,25.40124506916265,26.771324199215236
17265,2868,149,13,11,0.0,0.0,12.906999399967525,77.69606438170038,Bellandur,Sarjapura Main Road,9.933333333333334,True,24.016754946584648,26.631114477252563
17243,2889,187,18,18,0.0,0.0,13.002797059893048,77.59507328449197,R.T. Nagar,VP Deenadayalu Naidu Road,9.35,True,25.52486445031297,26.60003573035239
17239,2870,203,30,30,0.0,0.07389162561576355,12.917368440394089,77.57805314236452,Jayanagara,"BTP176 - Rajalakshmi Kalyana Mantapa, JP Nagar",6.34375,True,28.42022083287452,26.57701573651444
17242,2890,103,20,20,0.0,0.0,13.006532300970875,77.5929050368932,R.T. Nagar,Jayamahal Main Road,4.681818181818182,True,26.036465783553936,26.56375351591285
17234,2879,80,15,14,0.0,0.0,12.9584569475,77.55489726375001,Chamarajpet,BTP092 - Bangalore Builders Junction,4.705882352941177,True,24.59744233384721,26.55726497196522
17227,2875,201,9,9,0.0,0.0,12.940293391044776,77.52434947661692,Byatarayanapura,BTP098 - Nayandahalli Junction,18.272727272727273,True,22.400840723964617,26.486369448923735
17241,2868,50,11,11,0.0,0.0,12.90817307,77.586454726,J.P. Nagar,"BTP221 - 15th Cross, 24th Main, JP Nagar",3.8461538461538463,True,23.168599144447576,26.47107995597043
17229,2881,227,12,11,0.0,0.0,12.966189662555065,77.53482244273128,Vijayanagara,"BTP016 - 5th Main Road, RPC Layout",16.214285714285715,True,23.52666589015458,26.468675578365808
17240,2879,337,33,30,0.0,0.0,12.957656771684258,77.5816073428677,City Market,BTP167 - JC Road Junction,9.628571428571428,True,28.856889527460165,26.402865712456734
17256,2879,119,23,22,0.008403361344537815,0.12605042016806722,12.958847449907196,77.65493219502929,Jeevanbheemanagar,Old Airport Road,4.76,True,26.764524239819448,26.38756008723332
17231,2895,311,32,29,0.0,0.0,13.028240834599895,77.54139226169025,Yeshwanthpura,Mumbai Bengaluru Highway,9.147058823529411,True,28.60500143641216,26.359005544237746
17254,2854,106,19,16,0.0,0.009433962264150943,12.843434582686884,77.64428903499483,Electronic City,Neeladri Road,5.0476190476190474,True,25.435870600702227,26.22218756309736
17232,2879,96,16,16,0.0,0.0,12.955890679166666,77.54624530833333,Byatarayanapura,"BTP094 - Sri Skanda Complex, Mysore Road",5.333333333333333,True,24.539305521959548,26.169401298589023
17243,2882,958,76,72,0.0,0.03549060542797495,12.971444181628392,77.59708537515658,Cubbon Park,BTP063 - Siddalingaiah Circle,12.282051282051283,True,35.472677173103854,26.119514570408615
17243,2878,54,10,9,0.0,0.2037037037037037,12.952511824074074,77.59524192777778,Wilson Garden,BTP103 - Shanti Nagar TTMC,4.5,True,22.48267099470953,26.114865457444257
17237,2881,162,21,19,0.006172839506172839,0.0,12.96753273148148,77.56920196234567,Chamarajpet,BTP085 - Briyand Circle,7.043478260869565,True,25.840086387140147,26.00283513271572
17255,2869,91,7,5,0.02197802197802198,0.01098901098901099,12.912296426373628,77.6512963032967,HSR Layout,17th Cross Road,10.11111111111111,True,21.325820810546496,25.96756806981204
17234,2896,125,6,6,0.0,0.0,13.034386004364725,77.55684848466053,Yeshwanthpura,MS Ramaiah Road,15.625,True,20.590075170879786,25.950181938441904
17243,2894,70,9,9,0.0,0.0,13.02444564,77.59399503571429,R.T. Nagar,10th Main Road,6.363636363636363,True,21.90806461722493,25.903719441294932
17249,2895,54,5,5,0.0,0.05555555555555555,13.031311151851853,77.62255696111112,K.G. Halli,Kempegowda Road,7.714285714285714,True,19.94193025396879,25.80506444169642
17262,2873,71,12,11,0.0,0.04225352112676056,12.929247090140844,77.68101787323944,Bellandur,Outer Ring Road,5.071428571428571,True,22.91952198290837,25.785608322456575
17229,2901,56,8,6,0.0,0.0,13.055115417857142,77.5345695375,Jalahalli,Abbigere Main Road,5.6,True,21.33168462836768,25.713353562881977
17240,2875,476,31,28,0.03571428571428571,0.0021008403361344537,12.93937704575272,77.58375273755341,Wilson Garden,"BTP186 - 9th Cross, 4th Main, Jayanagar",14.424242424242424,True,28.370367684964464,25.71181654171677
17252,2866,85,6,5,0.0,0.011764705882352941,12.897815519283212,77.63460070581135,HSR Layout,Hosur Road,10.625,True,20.336039687659703,25.63001472420538
17230,2887,159,20,19,0.0,0.0,12.99216016289308,77.53849662515724,Vijayanagara,BTP207 - 8th Main Road Basaveshwara Nagar,7.2272727272727275,True,25.119740419779934,25.628462727696117
17253,2893,109,11,10,0.0,0.0,13.021534073394495,77.63980409082569,Banaswadi,5th Main Road,8.384615384615385,True,22.42369026536364,25.619990842847734
17237,2884,164,21,20,0.0,0.036585365853658534,12.978460608536585,77.57074945853658,Chamarajpet,BTP048 - Shanthala Junction,7.130434782608695,True,25.28180454244981,25.536800991730644
17248,2875,85,12,11,0.0,0.011764705882352941,12.939768147058823,77.61970040117646,Adugodi,20th Main Road,6.071428571428571,True,22.673294589620493,25.508590192396294
17239,2885,486,54,53,0.0,0.0,12.9839083783394,77.57782177742551,High ground,BTP054 - Shivananda Circle,8.678571428571429,True,31.48336243711133,25.496954428872005
17242,2887,1334,42,38,0.0,0.0,12.993730659955023,77.58943842993891,High ground,BTP032 - Windsor Circle,30.318181818181817,True,29.48206871666677,25.46191724524284
17217,2885,57,9,9,0.0,0.0,12.985524917036894,77.47962859245615,Kamakshipalya,Magadi Main Road,5.181818181818182,True,21.52550046087297,25.451382151462155
17235,2887,182,7,7,0.0,0.0,12.992665064285715,77.55834726538461,Rajajinagar,BTP009 - Prakash Nagar Junction,20.22222222222222,True,20.6359367462529,25.405830289435265
17243,2888,62,9,9,0.0,0.0,12.99939434516129,77.59672094677418,R.T. Nagar,1st Main Road,5.636363636363637,True,21.485331173427262,25.403886675694196
17250,2888,79,11,11,0.0,0.012658227848101266,12.999540221518986,77.62551201772152,Pulikeshinagar(F.Town),Banaswadi Main Road,6.076923076923077,True,22.184092384997328,25.34624038392205
17235,2880,140,25,25,0.0,0.0,12.96163970642857,77.55990170071429,Chamarajpet,BTP091 - Sirsi Circle,5.185185185185185,True,26.015011527147493,25.3277177790613
17231,2867,52,9,8,0.0,0.0,12.905800617786973,77.5425559172596,K.S. Layout,Dr Vishnuvardhan Main Road,4.7272727272727275,True,21.392139841373957,25.293698844772265
17241,2887,793,46,42,0.0,0.0012610340479192938,12.9922876411985,77.58861082328188,High ground,BTP032 - Windsor Circle,16.520833333333332,True,29.90818663762037,25.24860048788942
17249,2876,90,18,17,0.0,0.0,12.9425827,77.62228297888889,Adugodi,20th Main Road,4.5,True,24.175641261274173,25.193979878165013
17254,2869,129,9,9,0.0,0.0,12.911943139534882,77.64470846976745,HSR Layout,19th Main Road,11.727272727272727,True,21.23402687166514,25.106748784192888
17245,2882,688,45,42,0.050872093023255814,0.0014534883720930232,12.97040815840486,77.60637315355318,Ashok Nagar,"BTP099 - Cash Pharmacy, Residency Road",14.638297872340425,True,30.671197596102868,25.079423045213634
17239,2890,156,26,24,0.0,0.02564102564102564,13.007035510256411,77.57895909487179,Sadashivanagar,3rd Main Road,5.571428571428571,True,25.937644570081268,25.03848292876121
17219,2900,51,9,9,0.0,0.0,13.05232803656221,77.48733437871189,No Police Station,Mumbai Bengaluru Highway,4.636363636363637,True,21.16863356411255,25.029428860147714
17238,2875,256,12,12,0.0,0.04296875,12.940679488671876,77.57237594726563,Basavanagudi,BTP109 - Dewan Madhava Rao Junction,18.285714285714285,True,22.238973914836876,25.01995771504066
17247,2885,478,48,49,0.010460251046025104,0.016736401673640166,12.98289044832636,77.61256081736403,Shivajinagar,Veera Pillai Road,9.56,True,30.188130363903387,25.016252260032992
17218,2869,62,14,13,0.0,0.0,12.913919546419999,77.48196075117845,Kengeri,Kengeri Main Road,3.875,True,22.72135267880361,24.85214002436477
17251,2874,135,16,15,0.0,0.0,12.933566006666668,77.6306862874074,Adugodi,Srinivagilu Main Road,7.5,True,23.27015806055129,24.815946972224445
17234,2893,178,21,19,0.0,0.06179775280898876,13.01956201797753,77.55567890674158,Yeshwanthpura,Subedar Chatram Road,7.739130434782608,True,24.52249902457086,24.769836993198016
17236,2880,85,19,18,0.0,0.0,12.960867158823529,77.56352123294118,Chamarajpet,"BTP089 - Police Quarters, Sultan Road",4.0476190476190474,True,23.99094164844402,24.73259050560886
17245,2887,59,12,11,0.0,0.13559322033898305,12.993262932203391,77.60499924576271,Pulikeshinagar(F.Town),Sultanji Gunta Road,4.214285714285714,True,21.97326316992833,24.7210198401413
17235,2888,108,11,11,0.009259259259259259,0.0,12.99755109537037,77.5595919388889,Malleshwaram,"BTP011 - RR Kalyana Mantapa, Dr. Rajkumar Road",8.307692307692308,True,21.74328217745182,24.719055784309298
17234,2883,136,18,16,0.0,0.0,12.97567918793106,77.55556697480667,Magadi Road,BTP071 - Prasanna Junction,6.8,True,23.62395016061788,24.619050165290677
17250,2891,63,17,17,0.0,0.031746031746031744,13.012671995238096,77.62619906825397,Banaswadi,Sri Vinayaka Temple Main Road,3.3157894736842106,True,23.35260375582379,24.612184337449847
17247,2888,296,18,18,0.0,0.0,12.99716468581081,77.61371349527028,Pulikeshinagar(F.Town),Robertson Road,14.8,True,23.603447028674303,24.597683390029445
17231,2881,159,24,22,0.0,0.0,12.96562603899371,77.54129943773586,Vijayanagara,"BTP016 - 5th Main Road, RPC Layout",6.115384615384615,True,25.041752998396284,24.594796176536512
17231,2884,365,42,42,0.0,0.0,12.978528814938503,77.54273588479917,Magadi Road,BTP067 - Jai Muni Rao Circle,8.295454545454545,True,28.2957717296086,24.437382773017
17241,2911,143,7,7,0.0,0.0,13.099759250349651,77.58865023986014,Yelahanka,3rd A Cross Road,15.88888888888889,True,19.73764655435301,24.299904813567693
17244,2880,1008,29,28,0.0,0.0,12.961926653174602,77.59916923492064,Ashok Nagar,BTP172 - Nanjappa Circle,32.516129032258064,True,25.774053781640397,24.287147189068676
17225,2873,106,16,15,0.0,0.0,12.931780304046546,77.5155969157454,Kengeri,Sri Sri Sri Tiruchi Mahaswamiji Road,5.888888888888889,True,22.73901525479028,24.249521438364905
17243,2880,416,10,10,0.0,0.0,12.961979096875,77.59631636081731,Ashok Nagar,"BTP101 - Blood Bank Circle, KH Road",34.666666666666664,True,20.86893067709214,24.240416852661127
17239,2886,214,30,28,0.0,0.018691588785046728,12.98828288317757,77.5775675135514,Sheshadripuram,BTP054 - Shivananda Circle,6.6875,True,25.9164667403629,24.23564364414589
17242,2880,130,26,24,0.0,0.007692307692307693,12.962541453076923,77.58993059,Halasuru Gate,BTP064 - Devanga Hostel Junction,4.642857142857143,True,25.100133813485343,24.230005554301787
17242,2892,100,8,8,0.0,0.0,13.016995658999999,77.591225092,R.T. Nagar,RT Nagar Main Road,10.0,True,20.07050120947363,24.19311473868047
17242,2868,96,14,13,0.0,0.03125,12.906813828125001,77.59132192187501,J.P. Nagar,BTP222 - Delmia Circle,6.0,True,22.105277744181773,24.178290154721818
17241,2875,140,15,15,0.02142857142857143,0.0,12.938920506428571,77.58509800571429,Wilson Garden,BTP187 - South End Circle,8.235294117647058,True,22.647154384290346,24.15379224418377
17244,2877,89,11,11,0.011235955056179775,0.011235955056179775,12.948799308988765,77.59880571573034,Wilson Garden,"BTP123 - 10th Cross, Wilson Garden",6.846153846153846,True,21.255014661346287,24.138182627366707
17239,2895,71,6,6,0.0,0.0,13.028455763380283,77.57657537746479,Sadashivanagar,80 Feet Road,8.875,True,19.141118227039836,24.12402559847897
17254,2871,78,15,15,0.0,0.0,12.920482107692306,77.64506881538462,HSR Layout,19th Main Road,4.588235294117647,True,22.343068856743013,24.123272324898704
17239,2877,179,24,24,0.0,0.22905027932960895,12.948722810294674,77.57838853254131,V.V.Puram (C.Pet),BTP184 - Lalbagh West Gate,6.884615384615385,True,24.54403595004743,24.105962612907344
17249,2897,60,10,10,0.0,0.0,13.037940108333334,77.62399007166667,K.G. Halli,Nagawara Main Road,5.0,True,20.732400645329577,24.08182967184
17243,2877,139,29,29,0.007194244604316547,0.007194244604316547,12.94902538417266,77.5967563381295,Wilson Garden,"BTP123 - 10th Cross, Wilson Garden",4.483870967741935,True,25.523997685644783,23.938837886785407
17248,2888,175,18,18,0.011428571428571429,0.0,12.997933566285715,77.61782132685714,Pulikeshinagar(F.Town),Madhavaraya Mudaliar Road,8.75,True,23.089895825537468,23.900571791642445
17251,2872,154,23,21,0.0,0.0,12.925922090909092,77.63338050454544,Adugodi,80 Feet Road,6.16,True,24.11489755286266,23.899602444412878
17233,2900,182,15,15,0.0,0.005494505494505495,13.051017494505494,77.55262583681318,Jalahalli,Rajatha Bhavana Road,10.705882352941176,True,22.10791476823092,23.869382129605388
17230,2893,86,15,15,0.0,0.0,13.020166852325582,77.53765352209302,Rajajinagar,Kanteerava Studio Road,5.0588235294117645,True,22.07692614774444,23.835924463795852
17222,2899,167,8,8,0.0,0.0,13.047093941317364,77.50101055269461,Peenya,Mumbai Bengaluru Highway,16.7,True,19.700944847398755,23.747649058637236
17237,2882,53,14,13,0.09433962264150944,0.11320754716981132,12.971185867924529,77.56850377547171,Chamarajpet,BTP048 - Shanthala Junction,3.3125,True,22.912612587793117,23.734926480154503
17250,2867,57,9,9,0.0,0.0,12.903515,77.62672878947369,Madiwala,Kodichikkanahalli Main Road,5.181818181818182,True,20.056494612919757,23.714454859715758
17248,2920,113,9,9,0.0,0.0,13.143617115044249,77.61783754159292,Chikkajala,Hosahalli Main Road,10.272727272727273,True,20.03477982819096,23.68877967109592
17255,2871,99,25,24,0.0,0.0,12.922948806777791,77.65147275219864,HSR Layout,27th Main Road,3.6666666666666665,True,24.32269982128967,23.680115461628514
17240,2890,100,22,20,0.0,0.01,13.006985654,77.58103835,Sadashivanagar,Sankey Road,4.166666666666667,True,23.66550120947363,23.674314211351916
17231,2880,348,17,17,0.0,0.005747126436781609,12.964315581321838,77.54118386551724,Vijayanagara,"BTP016 - 5th Main Road, RPC Layout",18.31578947368421,True,22.46221148228457,23.673766549089812
17250,2875,62,9,9,0.0,0.0,12.939123418497086,77.6258754041159,Adugodi,Srinivagilu Main Road,5.636363636363637,True,19.994470958373505,23.641119155528234
17241,2910,54,3,3,0.0,0.0,13.099037725925927,77.58660986666666,Yelahanka,3rd A Cross Road,10.8,True,16.854893216931753,23.303813415868387
17253,2883,99,7,6,0.0,0.010101010101010102,12.97750742929293,77.63984053939393,Jeevanbheemanagar,9th A Main Road,11.0,True,18.90182440041425,23.270886550126164
17257,2860,61,7,6,0.0,0.0,12.870401847540984,77.65802957704918,Electronic City,Hosa Road,6.777777777777778,True,18.89745468069743,23.265506791557264
17232,2894,73,18,18,0.0,0.0,13.025677605479453,77.54571552191781,Yeshwanthpura,Mumbai Bengaluru Highway,3.65,True,22.272303869427457,23.21046914381447
17240,2878,201,19,18,0.0,0.004975124378109453,12.954156597512437,77.58295874179105,City Market,BTP120 - Lalbagh Main Gate Junction,9.571428571428571,True,22.50283077371586,23.198476612501953
17227,2900,250,5,5,0.0,0.0,13.050494744400002,77.52553118239999,Jalahalli,Chikka Banavara RS Road,35.714285714285715,True,17.8551467431736,23.104744949744415
17228,2885,91,18,17,0.0,0.0,12.984301619084873,77.52835191605675,Kamakshipalya,G Narayana Kumar Road,4.55,True,22.16464864937434,23.098279216007164
17228,2904,73,4,3,0.0,0.0,13.068949380821918,77.5300108479452,Jalahalli,Forest Region Road,12.166666666666666,True,17.31613948586581,23.097166530974444
17245,2886,128,20,20,0.0,0.0,12.989306197521325,77.60391599139273,Shivajinagar,Cock Burn Road,5.818181818181818,True,22.52799115032497,22.984225628038136
17252,2880,235,31,31,0.0,0.0,12.961148391129985,77.63667083312487,Halasur,"BTP145 - Sri Hatti Maramma Circle, Domluru",7.121212121212121,True,24.76091604152485,22.983249266606684
17242,2877,88,4,3,0.0,0.0,12.947322579545455,77.59099651818181,Wilson Garden,BTP122 - Siddapura Junction,14.666666666666666,True,17.175937248792856,22.910157502759326
17242,2873,68,8,8,0.0,0.0,12.93056605882353,77.5922359264706,Jayanagara,10th Cross Road,6.8,True,19.005489150431693,22.909342167504327
17254,2868,96,6,6,0.0,0.0,12.909186229166666,77.64453194166667,HSR Layout,19th Main Road,12.0,True,18.12368052195955,22.841723647721402
17242,2886,262,37,36,0.0,0.015267175572519083,12.98884331459305,77.59221252567663,High ground,BTP034 - LRDE Junction,6.717948717948718,True,25.64423008385466,22.840120214190936
17238,2897,88,8,8,0.0,0.0,13.037182311363637,77.57455127272728,Kodigehalli,3rd Main Road,8.8,True,18.85093724879285,22.72304428433712
17243,2881,96,23,23,0.0,0.041666666666666664,12.9666591375,77.59519448854167,Halasuru Gate,BTP203 - RRMR Junction,3.84,True,22.916736077515107,22.71213802072021
17259,2879,307,10,9,0.03908794788273615,0.0,12.958583171335505,77.66819590032573,HAL Old Airport,Dr BR Ambedkar Road,25.583333333333332,True,19.962448869321268,22.708675472181852
17229,2896,51,5,4,0.0,0.0,13.033458160130717,77.53372820261437,Yeshwanthpura,Watch Factory Road,7.285714285714286,True,17.434646636007976,22.5606134526949
17225,2898,120,22,18,0.0,0.0,13.041893003333334,77.51469745916667,Peenya,KIADB Road,5.0,True,22.53376544054068,22.54215698549021
17232,2862,57,13,11,0.017543859649122806,0.0,12.880331665831656,77.54563252135603,Thalagattapura,Konanakunte Main Road,3.8,True,20.485734379001627,22.495183260185133
17233,2872,337,15,15,0.0,0.005934718100890208,12.926700667062313,77.55075739643917,Banashankari,BTP155 - Katriguppe Junction,19.823529411764707,True,20.81613779650072,22.474681702735595
17248,2887,55,17,16,0.0,0.0,12.995456127272728,77.61678756181819,Pulikeshinagar(F.Town),Wheeler Road,2.8947368421052633,True,21.099592922911118,22.237651779379558
17247,2873,76,21,20,0.05263157894736842,0.02631578947368421,12.931961607894737,77.61371943421052,Adugodi,BTP140 - Madiwala Check Post,3.3043478260869565,True,22.710497301382567,22.206089784722277
17246,2883,566,71,68,0.0,0.0,12.974526187000084,77.60836436158685,Ashok Nagar,BTP051 - Safina Plaza Junction,7.7534246575342465,True,29.44189564307804,22.110840851295574
17235,2895,51,8,8,0.0,0.0196078431372549,13.029659330020682,77.56086988312653,Yeshwanthpura,MS Ramaiah Road,5.1,True,18.326149903981836,22.090462152286154
17242,2905,87,12,12,0.0,0.0,13.07277109770115,77.59056885402299,Kodigehalli,Sahakar Nagar Road,6.214285714285714,True,19.547125484881743,21.991493625344372
17252,2893,158,7,7,0.0,0.0,13.022423622562734,77.63784397177403,Banaswadi,CMR Road,17.555555555555557,True,17.730937375659973,21.829354847214226
17240,2891,55,11,11,0.0,0.0,13.011034087272728,77.5836094709091,Sadashivanagar,BTP030 - Mekhri Circle,4.230769230769231,True,19.102623225941414,21.825534795178054
17241,2882,76,12,12,0.0,0.0,12.96986350131579,77.58578256052631,Halasuru Gate,BTP075 - Police Corner,5.428571428571429,True,19.390760459277303,21.815575152499534
17263,2889,53,5,5,0.0,0.0,13.004857920754716,77.68434624150945,K.R. Pura,Old Madras Road,7.571428571428571,True,16.79185787081198,21.728838128188382
17241,2893,53,17,17,0.0,0.0,13.020786564150944,77.58479826792453,R.T. Nagar,BTP030 - Mekhri Circle,2.789473684210526,True,20.61009686452268,21.72175353747551
17244,2882,190,39,38,0.0,0.1,12.971348380526315,77.59960572684211,Cubbon Park,"BTP099 - Cash Pharmacy, Residency Road",4.634146341463414,True,24.69017038093865,21.713636448185444
17240,2886,165,24,23,0.0,0.0,12.987367913333335,77.58062470363637,High ground,BTP054 - Shivananda Circle,6.346153846153846,True,22.038194781452784,21.644846859696848
17264,2890,93,18,18,0.07526881720430108,0.0,13.007633906021505,77.69058655182795,K.R. Pura,MBT Road,4.65,True,21.67731934884113,21.58920222166941
17230,2885,133,12,12,0.0,0.0,12.986144964375853,77.53722739127421,Kamakshipalya,BTP208 - Havanur Circle,9.5,True,19.16035741469412,21.55636020602927
17257,2887,54,3,4,0.0,0.09259259259259259,12.992409653703703,77.65972217592592,Banaswadi,Old Madras Road,10.8,True,15.553041365079904,21.503854658480247
17249,2875,56,11,11,0.0,0.0,12.94025445,77.62217559821428,Adugodi,20th Main Road,4.3076923076923075,True,18.76561319979625,21.44048694258959
17236,2885,78,11,11,0.0,0.0,12.982688707692308,77.5631418025641,Sheshadripuram,BTP010 - Rajajinagar Entrance,6.0,True,18.756744070418225,21.43035359652746
17258,2889,77,8,7,0.0,0.0,13.003418945454545,77.6626712831169,Banaswadi,2nd Main Road,7.7,True,17.772000653634613,21.422486985344335
17241,2885,72,22,22,0.0,0.2361111111111111,12.98470746111111,77.58794762361111,High ground,BTP035 - Basaweshwara Circle (LH) Junction,3.0,True,21.389532621865246,21.39749805600094
17229,2875,62,9,9,0.0,0.0,12.938596522580646,77.53336625645161,Banashankari,60 Feet Road,5.636363636363637,True,18.041245151921885,21.331658498924206
17244,2881,144,29,28,0.0,0.0,12.967491863888888,77.60026349097222,Ashok Nagar,"BTP099 - Cash Pharmacy, Residency Road",4.645161290322581,True,22.32889246443599,21.040737419386577
17243,2863,62,10,9,0.0,0.0,12.884806443029397,77.59699228360144,Hulimavu,BDA 80 Feet Road,5.166666666666667,True,18.08264300138425,21.0039896597369
17238,2896,74,7,7,0.0,0.0,13.035307194594594,77.57417890810811,Kodigehalli,Dr Rajgopal Road,8.222222222222221,True,17.05019421488327,20.99126131038813
17243,2910,66,17,16,0.0,0.12121212121212122,13.098726492877569,77.5972911593405,Yelahanka,BB Road,3.473684210526316,True,19.831977621986116,20.901664504403524
17248,2886,165,28,27,0.0,0.0,12.987756195042634,77.61838792487197,Pulikeshinagar(F.Town),Tank Road,5.5,True,21.899810943068942,20.798649882879847
17242,2883,346,30,30,0.0,0.0,12.97717773815029,77.59025210895955,Cubbon Park,BTP041 - Gopal Gowda Circle,10.8125,True,22.21407352906829,20.773370665410955
17248,2861,54,6,6,0.0,0.0,12.876012003703703,77.61666402777779,Hulimavu,Westend Avenue,6.75,True,16.458596920635454,20.7431775259381
17273,2880,50,3,3,0.0,0.0,12.961830628167924,77.73269314405978,Whitefield,Nallurahalli Road,10.0,True,14.861932477780911,20.548317749858057
17229,2883,89,20,20,0.0,0.0,12.975955833707864,77.53174749887641,Vijayanagara,BTP214 - 5th Main Chamrajpet  Junction,4.045454545454546,True,20.03254275123393,20.43823967371537
17249,2874,81,22,22,0.0,0.012345679012345678,12.934556172839505,77.62264553827161,Adugodi,60 Feet Road,3.375,True,20.40059918278046,20.408196339389345
17241,2876,174,30,28,0.0,0.011494252873563218,12.945512560676768,77.5871890837649,Wilson Garden,BTP185 - RV Teachers College,5.4375,True,21.81944362187908,20.404334642955597
17246,2886,107,10,10,0.0,0.0,12.989513837383178,77.6088914224299,Pulikeshinagar(F.Town),Seppings Road,8.916666666666666,True,17.52983353740556,20.36187090174758
17240,2885,119,33,30,0.0,0.0,12.985747313445378,77.58105581008404,High ground,BTP054 - Shivananda Circle,3.4,True,22.23371191488948,20.34293091151269
17251,2889,55,12,10,0.0,0.0,13.001973344198278,77.63244589643043,Banaswadi,Banaswadi Main Road,3.9285714285714284,True,17.990502013820205,20.240214381376376
17243,2887,123,21,20,0.0,0.008130081300813009,12.992550249593496,77.59481146178862,High ground,Millers Road,5.3478260869565215,True,19.881374643606065,20.081901466461183
17236,2875,80,14,12,0.0,0.0125,12.940801195873002,77.56489964478591,Basavanagudi,Sri Dattathreya Temple Road,5.0,True,18.316192333847205,20.033867834753206
17237,2896,57,24,24,0.0,0.0,13.034382833333332,77.56819405789473,Sadashivanagar,Padmasri CK Venkata Ramaiah Road,2.1923076923076925,True,20.321406893621507,19.958700998332386
17240,2895,51,4,4,0.0,0.0,13.029142199999999,77.58101163137255,Kodigehalli,60 Feet Road,8.5,True,14.930071472609283,19.91450504332579
17257,2865,75,19,19,0.0,0.0,12.894413272598243,77.65724118251943,HSR Layout,Haralur Road,3.5714285714285716,True,19.307392105475955,19.904255100671822
17241,2888,107,31,30,0.0,0.009345794392523364,12.99645507377519,77.58466350562432,Sheshadripuram,BTP032 - Windsor Circle,3.242424242424242,True,21.42017621653328,19.882352029852722
17271,2894,52,13,13,0.0,0.0,13.026376003846154,77.72058755961538,K.R. Pura,MBT Road,3.466666666666667,True,17.798550097784208,19.736022882250857
17245,2881,59,15,15,0.0,0.0,12.96692693828579,77.6044034011612,Ashok Nagar,"BTP099 - Cash Pharmacy, Residency Road",3.4705882352941178,True,18.232585203826638,19.685282307407412
17231,2894,187,18,18,0.0,0.0,13.027222469518717,77.54311865347593,Yeshwanthpura,Mumbai Bengaluru Highway,9.35,True,18.835024878120453,19.628403344329495
17232,2884,75,24,24,0.0,0.0,12.978430866666667,77.54491678533333,Magadi Road,BTP068 - Veeresh Theatre Junction,2.8846153846153846,True,19.918503216587062,19.562988532992044
17230,2884,53,10,10,0.0,0.0,12.980296614503366,77.53760584562802,Vijayanagara,"BTP025 - Puttamma Choultry, Nagarbhavi",4.416666666666667,True,16.800662902258523,19.5148988922001
17245,2883,192,33,32,0.0,0.0,12.974928602604166,77.6046388671875,Cubbon Park,BTP051 - Safina Plaza Junction,5.485714285714286,True,21.173229480268304,19.37263315003436
17269,2943,81,14,14,0.0,0.012345679012345678,13.244864861728395,77.71316079753086,Devanahalli Airport,Sulibele Road,5.0625,True,17.708006590187868,19.368646997071984
17226,2886,90,11,11,0.0,0.0,12.987645181591724,77.51987547766431,Kamakshipalya,Dr Rajkumar Puniya Bhoomi Road,6.923076923076923,True,16.820085705718615,19.217641550376484
17243,2884,246,45,45,0.0,0.052845528455284556,12.980856529674796,77.5961301808943,Cubbon Park,BTP042 - Minsk Square Junction (CTO),5.23404255319149,True,22.53735881815749,19.132037648470867
17241,2883,153,41,39,0.0,0.006535947712418301,12.976563568627451,77.58829026928105,Cubbon Park,BTP037 - KR Circle,3.558139534883721,True,21.937462759084912,19.058889597932204
17243,2901,59,13,13,0.01694915254237288,0.0,13.056077265591458,77.59407046937463,Hebbala,Dasarahalli Main Road,3.933333333333333,True,17.227500458063925,18.9236355332835
17240,2874,117,14,13,0.05982905982905983,0.017094017094017096,12.935737710500652,77.5837299355466,Jayanagara,BTP218 - Syndicate Bank Junction,7.3125,True,17.783484423449227,18.798316168547665
17247,2886,140,15,15,0.0,0.0,12.990382962857144,77.61241203571429,Pulikeshinagar(F.Town),Memorial Road,8.235294117647058,True,17.21739247952844,18.58920321874138
17256,2859,80,19,19,0.0,0.0,12.869541363749999,77.65351064000001,Electronic City,Hosur Road,3.8095238095238093,True,18.01827566718054,18.57528729900668
17243,2885,138,39,37,0.0,0.0,12.984874368840579,77.59465378695651,Cubbon Park,BTP166 - Coffee Board Junction,3.3658536585365852,True,21.063933853920048,18.524562399364758
17242,2881,100,18,18,0.33,0.0,12.967899233999999,77.59148067299999,Halasuru Gate,BTP203 - RRMR Junction,5.0,True,21.93050120947363,18.413364575193647
17226,2885,157,6,6,0.0,0.0,12.98677191656051,77.51939160509554,Kamakshipalya,Dr Rajkumar Puniya Bhoomi Road,19.625,True,14.598014220803725,18.398239046041926
17242,2882,101,17,17,0.0,0.0,12.970669484158416,77.59228356039604,Halasuru Gate,BTP063 - Siddalingaiah Circle,5.315789473684211,True,17.01432813072156,17.93203810203584
17241,2884,170,38,38,0.0,0.0,12.980770689179158,77.58815489289098,Cubbon Park,BTP052 - CID Carlton House Junction,4.25,True,20.246948625577723,17.91808627522752
17246,2875,67,19,18,0.0,0.0,12.939560865671641,77.60958594925373,Adugodi,BTP133 - Adugodi Junction,3.1904761904761907,True,17.288129767729743,17.82256988569759
17244,2883,121,30,29,0.03305785123966942,0.0,12.97598708429752,77.5997585338843,Cubbon Park,BTP042 - Minsk Square Junction (CTO),3.78125,True,19.22904890534912,17.59187212289808
17248,2885,63,15,14,0.0,0.0,12.986627463492063,77.61926826031747,Pulikeshinagar(F.Town),Professor K Venkatachalam Circle,3.7058823529411766,True,16.09546089868093,17.377880762179167
17224,2898,54,12,10,0.0,0.0,13.045043146296296,77.50874816851852,Chikkabanavara,Mumbai Bengaluru Highway,3.857142857142857,True,15.349954945326816,17.26946688865134
17240,2877,118,21,21,0.0,0.0,12.94861242118644,77.58058707711864,Wilson Garden,BTP184 - Lalbagh West Gate,5.130434782608695,True,17.077638744909798,17.249886625188317
17246,2881,60,15,15,0.0,0.0,12.967074559999999,77.60876475,Ashok Nagar,BTP141 - Palmgroove Junction,3.5294117647058822,True,15.565733978662912,16.805947388507096
17256,2902,53,4,4,0.0,0.0,13.060428581132076,77.65212531132075,Hennuru,Doddagubbi Road,8.833333333333334,True,12.37298994628368,16.50373684669459
