cell,risk,base_count,target,combo
17239_2883,1414.5525810730383,13307,1,3012.0
17246_2884,992.2334169106848,9450,1,3010.0
17264_2874,908.8177448386053,5309,1,3008.0
17239_2880,744.8790415208344,5221,1,3006.0
17241_2904,588.746153476069,3843,1,3001.0
17233_2888,490.39070709056455,4709,1,3003.0
17239_2881,485.0089009151006,3050,1,2997.0
17239_2882,441.01163567177224,4458,1,3000.0
17232_2883,380.8174333839108,4122,1,2998.0
17265_2890,372.8655819352035,2426,1,2988.0
17234_2891,326.2837086252924,2534,1,2989.0
17262_2929,311.0558785126075,1953,1,2981.0
17228_2880,297.25153732442385,983,0,2950.0
17238_2881,288.88660901644215,2081,1,2981.0
17239_2884,278.9149577080821,2839,1,2986.0
17262_2930,278.82155134892434,1302,1,2962.0
17238_2890,272.7220527344602,1826,1,2975.0
17254_2853,268.0637747402626,1202,1,2955.0
17245_2885,266.1418053889055,3524,1,2986.0
17244_2884,239.17671534580168,1600,1,2969.0
17230_2881,232.5754121437797,2868,1,2981.0
17234_2890,225.2094339978025,2371,1,2974.0
17264_2873,200.80780071994477,1262,1,2954.0
17240_2880,199.44249561287293,1709,1,2967.0
17245_2884,197.05026837715798,2410,1,2972.0
17240_2881,195.07887844746324,1518,1,2961.0
17233_2891,195.03717906237293,1476,1,2959.0
17238_2884,193.913160906915,3045,1,2975.0
17238_2876,188.24147699683974,1456,1,2956.0
17265_2875,186.15293367425897,1454,1,2954.0
17242_2896,184.84826905738663,1594,1,2957.0
17266_2877,179.90987315004864,620,1,2901.0
17263_2873,168.3003799555056,988,1,2931.0
17232_2888,164.63202360886865,990,1,2931.0
17246_2885,164.26499862300898,1975,1,2959.0
17256_2860,161.74371451719554,349,1,2844.0
17239_2879,161.0050109448594,1423,1,2946.0
17231_2878,160.7542456402134,1375,1,2943.0
17238_2888,159.02398842399307,1222,1,2936.0
17238_2883,158.66799684905135,2490,1,2959.0
17240_2883,143.47224279635893,1669,1,2949.0
17238_2887,138.45284640481356,879,1,2915.0
17237_2888,138.1769506007498,861,1,2913.0
17234_2885,133.3888065196084,840,1,2911.0
17241_2896,130.08392673713743,916,1,2914.0
17237_2890,122.99160684286443,1368,1,2934.0
17244_2880,121.79818846570235,811,1,2904.5
17252_2869,120.61595236146378,1409,1,2934.0
17270_2881,119.2170165495964,1205,1,2925.0
17259_2888,118.93297553410791,1045,1,2918.0
17233_2883,117.23910864328883,1310,1,2928.0
17233_2886,109.69732031987088,700,1,2891.0
17261_2888,105.73822440959529,1079,1,2916.0
17261_2872,103.85810830720663,765,1,2894.0
17231_2888,102.48325055687913,610,1,2877.0
17243_2861,101.9322166827333,303,1,2804.5
17241_2881,98.64687230566052,690,1,2884.0
17265_2888,95.27891819055017,229,1,2764.5
17247_2884,94.21210539637731,1116,1,2911.0
17247_2887,91.68811365327116,828,1,2893.0
17233_2887,89.86834222114814,489,1,2856.0
17235_2883,89.66746133531778,1197,1,2910.0
17248_2872,88.81783160950741,527,1,2860.0
17266_2879,88.41587065276333,940,1,2896.0
17233_2889,87.72476178616671,1044,1,2902.0
17262_2872,87.67566857060561,811,1,2885.5
17257_2882,86.30397264089534,1033,1,2899.0
17247_2874,85.68981874495007,547,1,2859.0
17238_2895,84.12478519800507,538,1,2857.0
17239_2899,83.21197944810606,470,1,2843.0
17251_2868,82.90319725782032,583,1,2859.0
17230_2886,82.29283757437973,471,1,2842.0
17269_2882,81.39746185242414,537,1,2852.0
17244_2868,80.76153651867865,232,1,2751.0
17238_2886,80.64371662586258,713,1,2869.0
17237_2889,80.56061793432566,323,1,2792.5
17233_2882,77.75899168620714,982,1,2885.0
17250_2868,76.36942525768013,382,1,2815.0
17246_2887,74.1649935942815,515,1,2843.0
17251_2873,73.52253209732929,351,1,2802.0
17244_2886,71.07538137062666,787,1,2869.0
17230_2882,70.55019783191115,636,1,2854.0
17258_2887,69.51086361099048,474,1,2832.0
17243_2876,69.14184576069636,249,1,2748.0
17243_2909,67.55707755483519,355,1,2800.0
17242_2887,66.48592311006466,1223,1,2890.0
17233_2890,66.26039430799605,452,1,2824.0
17261_2853,66.23393382454829,397,0,2812.5
17241_2894,64.48945535454135,350,1,2792.0
17261_2889,64.2844355654358,406,1,2813.0
17270_2880,63.040068527047566,763,1,2856.0
17234_2887,62.620610845262064,643,1,2845.0
17248_2874,62.02315215605385,394,1,2803.5
17250_2869,61.72531701735941,320,1,2773.0
17265_2887,60.622692508208054,625,1,2839.0
17248_2882,60.15944112246108,658,1,2843.0
17238_2879,56.95520821483771,176,1,2690.5
17274_2886,56.26649553329001,434,1,2810.0
17230_2895,55.7049275856101,564,1,2829.0
17247_2883,55.672796191554376,498,1,2819.0
17228_2890,54.31131258822212,368,1,2787.0
17240_2884,54.27408793431441,778,1,2847.0
17253_2882,54.077676197500644,581,1,2826.0
17246_2888,53.94615910513863,602,1,2827.0
17235_2896,53.93192168619196,136,0,2638.0
17263_2890,52.928135508994174,1131,1,2865.0
17276_2885,52.839307618857276,66,1,2509.0
17262_2931,52.25351440803149,226,1,2712.0
17240_2873,51.53867600919545,626,1,2826.0
17254_2931,51.18118077838723,832,1,2844.0
17246_2882,50.63572941454156,370,1,2778.5
17234_2880,50.63548200821576,390,1,2783.0
17236_2888,50.28947352414045,441,1,2796.0
17247_2882,49.063715627593545,373,1,2777.0
17255_2853,48.80308105178166,191,1,2684.0
17254_2882,47.87074814248764,676,1,2824.0
17241_2872,47.01883024171511,397,1,2783.5
17270_2879,46.66324339660669,462,1,2794.0
17245_2882,46.12234790543028,644,1,2819.0
17234_2886,46.06685241065256,396,1,2778.5
17251_2869,45.79572967086067,353,0,2763.0
17267_2879,45.7931323682986,487,1,2794.0
17246_2883,45.7810198606048,530,1,2801.0
17253_2863,44.89702301129244,302,1,2734.5
17241_2880,44.860270501675615,216,1,2692.0
17265_2872,44.6643307898391,199,0,2681.0
17237_2883,44.59012353275756,967,1,2834.0
17244_2910,44.3426875768826,505,1,2793.0
17241_2874,43.89208263578158,240,1,2700.0
17240_2872,43.2184731928646,446,1,2780.0
17226_2874,43.112525571734174,257,1,2707.5
17242_2901,42.91195055499838,241,1,2698.0
17249_2888,42.911931646622385,116,1,2589.0
17249_2883,42.91015330140594,396,1,2764.5
17242_2904,42.870421948082175,412,1,2771.0
17238_2877,42.48694196711504,68,1,2491.0
17261_2866,41.56531911637826,493,0,2781.0
17232_2890,41.303287002517806,316,1,2728.0
17229_2893,41.073542951557485,294,0,2717.5
17266_2878,40.42872582911592,328,1,2731.0
17254_2880,39.96334164697365,254,1,2696.0
17238_2880,39.950572262114946,122,1,2583.0
17230_2887,39.52165503502034,95,1,2542.5
17231_2880,38.68681138324753,285,1,2709.0
17231_2884,38.46308526539073,314,1,2720.0
17259_2887,38.250232833228104,323,1,2722.5
17254_2879,38.242587459566536,347,1,2732.0
17265_2873,38.0808090627904,276,1,2701.5
17270_2878,38.065140233568805,153,1,2616.0
17243_2882,37.34106096874021,734,1,2796.0
17241_2878,36.90784085733654,266,1,2693.0
17229_2892,36.35081090357792,339,1,2722.5
17238_2875,35.9386541536867,205,1,2658.0
17238_2878,35.59492836949006,55,1,2420.0
17255_2879,35.208318354595136,370,1,2734.5
17244_2883,34.91151529187045,96,1,2532.0
17241_2879,34.735677939429976,345,1,2720.5
17265_2884,34.108817038905464,345,1,2719.5
17226_2879,33.90360634037818,352,1,2724.0
17242_2902,33.869697279316185,247,1,2671.0
17263_2929,33.57352625487407,218,1,2657.0
17248_2883,33.5603931991724,238,1,2665.0
17256_2859,32.84260701518454,61,1,2435.0
17242_2881,32.62230360391729,78,1,2489.0
17266_2876,32.41692617350333,380,1,2727.0
17266_2891,31.639793049265837,338,1,2707.0
17222_2886,31.332279954972464,192,1,2634.5
17264_2888,30.437445606675396,77,1,2482.5
17226_2897,30.149723028446832,304,1,2693.0
17238_2870,29.838410944789256,411,1,2734.5
17238_2885,29.008402077335603,268,1,2674.5
17234_2889,28.943161374257457,264,1,2668.5
17240_2882,28.810652494709007,693,1,2769.0
17253_2880,28.67790188563113,268,1,2671.5
17239_2894,28.66401982832274,229,1,2647.5
17233_2885,28.663949441935948,367,1,2711.0
17247_2888,28.5087468994927,184,1,2616.0
17233_2884,28.443088864650903,162,1,2593.0
17235_2884,28.017838875567136,339,1,2695.5
17242_2878,27.933381576813847,303,1,2680.5
17259_2879,27.484363854656888,188,1,2615.0
17252_2865,27.349439297946688,287,1,2672.0
17266_2875,27.21946060478825,502,1,2737.0
17238_2889,27.14154759521662,343,1,2692.0
17240_2888,26.638918754578473,332,1,2687.0
17224_2880,26.52774570425153,420,1,2721.0
17235_2885,26.379011009333432,265,1,2655.5
17238_2899,26.317953168148783,131,1,2546.0
17239_2885,26.295278147314594,394,1,2707.5
17255_2880,26.235413316817322,173,1,2592.5
17242_2897,26.021132459800445,192,1,2610.5
17244_2863,26.009196190664696,39,0,2300.5
17234_2888,25.22487512471837,401,1,2709.0
17241_2887,25.13757275710821,726,1,2751.0
17252_2864,24.99911186129665,273,1,2653.0
17247_2885,24.921740815676458,276,1,2653.5
17233_2880,24.893037918892563,125,1,2532.5
17234_2884,24.361129910372046,294,1,2658.5
17242_2880,24.133578000451426,108,1,2511.5
17241_2873,23.986038069942015,271,0,2647.0
17241_2902,23.967404681150068,227,1,2620.0
17255_2861,23.961475523594714,158,1,2566.0
17237_2876,23.242587206761815,291,1,2652.0
17243_2862,23.202840495231214,66,1,2412.0
17255_2870,23.133538100968696,160,1,2564.0
17268_2885,22.960870744153052,52,1,2359.5
17226_2885,22.566772683935437,140,1,2544.5
17250_2875,22.473186654880788,47,0,2330.5
17244_2865,22.38904222882339,125,1,2520.5
17239_2878,22.172209096892587,102,1,2488.0
17271_2865,22.14940727783173,118,1,2512.0
17242_2900,22.085375151568467,326,1,2658.0
17242_2894,22.06434396095553,257,0,2625.5
17260_2888,22.033685505440577,111,0,2501.5
17231_2894,22.017076697078135,145,1,2545.0
17240_2879,21.735685601012218,200,1,2592.0
17247_2889,21.56731821708571,210,1,2598.0
17253_2884,21.536902828922024,302,1,2640.5
17234_2892,21.48175197179258,175,1,2566.0
17233_2900,21.266671476302605,126,1,2511.0
17238_2882,21.234132983563455,252,1,2613.5
17231_2895,21.12168311337546,252,1,2612.5
17270_2877,21.03505885028107,22,1,2132.5
17250_2874,21.014395232747432,98,1,2467.0
17265_2874,20.973900602575515,281,1,2626.0
17243_2872,20.84824892835683,57,0,2359.0
17236_2883,20.187357670815846,100,1,2466.0
17244_2885,19.991823150172863,265,1,2614.5
17227_2900,19.977582838810786,250,0,2604.0
17243_2863,19.91256551163456,55,1,2344.0
17240_2871,19.884295418876096,193,1,2572.5
17251_2915,19.671756499628163,181,1,2559.5
17268_2884,19.45356940855922,62,0,2368.5
17236_2884,19.435050427632923,206,1,2579.0
17232_2882,19.285142816867932,383,1,2659.0
17261_2869,18.975723903182974,164,1,2538.0
17232_2901,18.86700059053851,173,1,2545.5
17253_2864,18.799748238212654,190,1,2559.0
17239_2877,18.739539305160474,115,1,2482.0
17223_2886,18.486109343051897,113,1,2478.0
17244_2874,18.474493598231255,162,1,2530.0
17260_2870,18.376536292730087,176,1,2545.5
17250_2882,18.346718203744924,163,1,2530.0
17253_2893,17.94356273748029,99,0,2448.0
17241_2886,17.834091899466983,893,1,2713.0
17227_2877,17.769514024115697,124,1,2481.5
17249_2896,17.718476661155226,283,1,2605.0
17241_2895,17.61632486092378,123,1,2478.0
17264_2877,17.567489024039123,29,0,2166.5
17241_2903,17.560711665379156,136,1,2493.0
17256_2879,17.52750216466458,94,1,2433.0
17246_2873,17.41957870031119,264,1,2588.5
17238_2869,17.348162847756416,138,1,2494.5
17277_2899,17.27654067056437,169,1,2526.0
17248_2920,17.147248330408114,103,1,2446.0
17253_2881,16.98794258686859,312,1,2608.0
17271_2889,16.84007776379319,131,0,2477.0
17236_2882,16.659543396777313,34,0,2206.5
17250_2888,16.495024929250388,49,0,2290.0
17249_2875,16.489681970488764,49,0,2289.0
17250_2883,16.421704444445293,140,1,2490.5
17251_2874,16.233180983960107,81,1,2400.5
17249_2874,16.120171479361595,62,1,2338.5
17269_2886,15.98882162936076,42,0,2243.5
17236_2864,15.895924517129,203,1,2545.0
17252_2893,15.728332134576624,151,0,2497.5
17256_2884,15.621689259871655,78,0,2386.0
17239_2902,15.60926044865717,75,1,2375.5
17228_2876,15.599774153976538,91,1,2411.0
17242_2899,15.361940365398828,185,1,2524.5
17241_2869,15.34540805602594,221,1,2548.0
17234_2881,15.260804413539505,136,1,2471.0
17232_2881,15.033101271313136,144,1,2485.5
17251_2916,14.968297944782707,96,1,2414.0
17249_2871,14.757528395417443,61,1,2323.0
17239_2875,14.733438825595758,134,1,2460.5
17223_2901,14.721124309249907,79,1,2379.5
17257_2860,14.71443307101189,51,0,2284.0
17243_2881,14.696074624494742,82,1,2387.0
17245_2886,14.684266704454656,86,1,2392.5
17237_2879,14.646100478070458,142,1,2475.0
17246_2874,14.547431879150079,136,1,2461.0
17245_2883,14.46468940950226,156,1,2483.5
17228_2904,14.006921433560978,46,1,2247.5
17262_2869,14.005765599679059,168,1,2493.5
17258_2871,13.57536820222518,214,1,2530.0
17230_2874,13.570962991821665,235,1,2539.0
17233_2868,13.544643229168868,84,1,2380.5
17242_2903,13.337236610754804,138,1,2458.5
17237_2878,13.309962477686144,18,1,2011.0
17266_2887,13.27180813707716,191,1,2508.0
17249_2882,13.211101456945993,135,1,2447.0
17237_2881,13.210208555095745,104,1,2411.0
17267_2880,13.194521009237269,103,1,2407.0
17249_2876,12.977041747529453,81,0,2367.5
17253_2867,12.886635493531026,67,1,2326.0
17267_2874,12.775746166273311,134,1,2439.5
17250_2884,12.732447827910455,195,1,2507.5
17252_2884,12.698914407792161,90,1,2380.0
17232_2879,12.64438880559425,70,1,2333.5
17250_2896,12.3314651846657,108,1,2409.5
17237_2877,12.291537525756452,31,0,2132.0
17242_2875,12.261771896857397,67,1,2319.0
17236_2885,12.209532903339722,66,1,2312.0
17230_2885,12.193044225734472,102,0,2393.0
17231_2883,12.170073931087012,79,1,2350.5
17267_2867,11.97848239348411,140,0,2444.5
17269_2879,11.875242661101929,106,1,2400.0
17242_2884,11.840014755063418,191,1,2490.0
17252_2880,11.776975723884677,175,1,2475.0
17225_2873,11.7197177843836,80,0,2348.5
17243_2885,11.420559666181227,101,1,2383.0
17244_2882,11.380977947018891,185,1,2481.5
17240_2890,11.29883278023506,53,0,2254.5
17238_2897,11.298468004733452,54,0,2256.0
17252_2882,11.144455324196937,151,1,2447.5
17245_2873,11.126604831424673,310,0,2546.0
17241_2911,11.096427584643012,139,1,2431.0
17232_2878,11.093825887455584,55,1,2255.0
17233_2892,10.997038461154927,69,1,2311.0
17251_2867,10.825333527625839,166,1,2454.0
17254_2854,10.779572141840331,79,1,2334.5
17248_2888,10.61784012560578,129,1,2409.0
17248_2861,10.602268693242516,53,0,2244.5
17254_2869,10.57369503512812,95,0,2360.5
17279_2890,10.440939332536361,82,1,2340.0
17243_2880,10.382537674722467,411,0,2577.5
17235_2880,10.355199662811753,78,1,2325.0
17263_2888,10.167728724120378,56,1,2250.0
17248_2871,10.071706389567446,39,1,2162.5
17251_2872,10.041194413548507,75,1,2312.5
17257_2859,9.995080427726288,16,0,1937.0
17246_2881,9.984482326595538,60,0,2262.0
17252_2868,9.954942418604748,69,1,2297.0
17242_2883,9.789899420179534,253,1,2501.0
17226_2894,9.760641207161488,19,1,1982.5
17240_2886,9.75629877912566,137,1,2409.0
17240_2878,9.695056751903302,193,1,2465.5
17242_2886,9.670771565336135,202,1,2470.0
17250_2924,9.636755915169433,28,1,2066.5
17239_2886,9.63562170714078,178,1,2448.0
17250_2904,9.579929737474071,55,0,2232.0
17237_2875,9.535682991231617,146,1,2418.0
17241_2875,9.517232995931115,110,1,2369.5
17229_2875,9.428183963998666,18,1,1956.0
17266_2882,9.368838624297998,43,1,2170.0
17239_2890,9.218255864847414,108,0,2363.5
17254_2862,9.19094733688384,104,1,2356.0
17265_2891,9.103100457258849,28,1,2057.5
17255_2881,9.046625736117718,148,1,2412.0
17226_2886,8.95437834630813,67,1,2271.0
17238_2896,8.936907104428288,59,0,2240.0
17229_2881,8.892168754611651,175,1,2432.0
17237_2880,8.8761472195487,50,1,2202.0
17229_2901,8.754998185545471,49,1,2194.0
17247_2873,8.731504530235346,63,1,2248.5
17237_2886,8.714847137086807,29,0,2058.5
17280_2901,8.654727467129202,45,0,2167.5
17269_2883,8.48254977537218,179,1,2431.0
17234_2879,8.426450730417042,36,1,2114.5
17267_2881,8.373183465755869,47,1,2177.5
17249_2870,8.36144615048717,37,1,2117.5
17248_2886,8.26612027441062,105,1,2343.5
17250_2891,8.1475902240427,50,1,2192.0
17255_2882,7.978197260720126,141,1,2389.5
17241_2857,7.966200537274308,16,1,1903.0
17237_2887,7.898291486747544,62,0,2234.5
17234_2883,7.824862271024643,86,0,2304.5
17262_2885,7.79981169342975,30,0,2056.5
17279_2889,7.7407305930563854,64,1,2238.5
17243_2877,7.67657298362831,75,1,2272.5
17239_2870,7.622346736073624,162,1,2399.0
17227_2889,7.606191078681751,50,1,2183.0
17228_2889,7.564226212033457,51,0,2188.0
17249_2872,7.550304271393397,18,1,1926.0
17251_2900,7.520034993532504,32,0,2065.0
17262_2932,7.439763787677527,29,1,2038.5
17224_2898,7.281098398699544,29,0,2037.5
17231_2881,7.258415228305086,140,1,2372.5
17277_2875,7.174377414827484,68,1,2247.0
17274_2885,7.14986854741681,80,1,2278.5
17221_2899,7.140597360791265,114,0,2337.5
17243_2910,7.128653063790006,57,1,2202.0
17240_2868,7.078741903035262,19,1,1934.5
17253_2862,7.047506724838653,38,1,2100.5
17241_2883,7.007364864314964,131,1,2348.0
17223_2882,6.954871893584588,82,1,2279.0
17237_2865,6.93938523647803,50,1,2168.0
17276_2879,6.802602592516642,28,1,2017.5
17223_2898,6.708603913942874,76,1,2257.5
17243_2870,6.647692992430939,195,1,2414.5
17244_2881,6.593049314471525,136,0,2351.0
17248_2887,6.572451868008652,49,0,2156.0
17264_2848,6.497308972174672,167,0,2382.5
17243_2884,6.491448143790751,239,1,2433.0
17232_2894,6.434864933443795,66,0,2220.0
17249_2873,6.390462255711112,16,1,1872.0
17226_2887,6.360430393034821,9,0,1722.5
17252_2870,6.341914446329576,92,0,2282.5
17246_2875,6.323208445671172,26,1,1995.5
17281_2901,6.241268346478447,21,0,1942.0
17255_2871,6.224352608326779,81,0,2260.5
17263_2849,6.220297649829085,42,0,2104.5
17225_2898,6.179731373564218,73,1,2233.5
17232_2884,6.1220896296646,58,1,2184.5
17240_2874,6.099196385399949,101,0,2289.0
17268_2879,6.089492348017449,56,0,2172.0
17227_2875,5.99855667410731,156,1,2358.5
17233_2879,5.919455115193267,19,1,1909.5
17227_2883,5.906468626892625,10,0,1740.5
17231_2890,5.876374128531092,206,1,2402.0
17223_2899,5.868588001372721,93,1,2271.0
17264_2890,5.7738172385339945,67,1,2209.0
17247_2886,5.743428897462013,110,1,2299.5
17278_2884,5.690157491636432,33,1,2037.5
17245_2887,5.662696248260378,39,1,2076.5
17243_2886,5.640718196580087,28,0,1989.5
17234_2893,5.639256275953402,67,1,2204.0
17254_2861,5.577315894368232,59,1,2173.0
17246_2886,5.553254349123339,81,1,2242.5
17228_2885,5.5445886559667965,76,0,2226.5
17236_2890,5.492237422894326,26,0,1973.5
17233_2872,5.489455051464808,170,1,2358.0
17274_2896,5.470844372391404,85,1,2246.0
17229_2894,5.467007805929773,30,0,2000.5
17262_2873,5.442564933588724,64,0,2182.5
17255_2869,5.4398738289112325,86,0,2245.5
17241_2876,5.41015720525217,88,1,2249.5
17280_2900,5.407385896379484,33,1,2023.5
17232_2899,5.389661673108248,41,0,2070.5
17240_2870,5.375707847893325,23,1,1935.5
17242_2877,5.276086559576931,76,0,2215.5
17223_2900,5.2714756071699345,33,1,2019.5
17259_2871,5.228833759277314,104,1,2270.0
17253_2861,5.214771513116996,12,0,1759.5
17273_2886,5.181764956471428,14,1,1797.5
17231_2899,5.107450141044864,87,1,2238.5
17233_2893,5.105246553089249,33,1,2014.5
17254_2883,5.087364659966379,29,1,1976.5
17228_2892,5.086723979853525,16,1,1829.0
17235_2886,5.005653678643146,73,0,2196.5
17242_2898,4.999198144495722,74,0,2198.5
17237_2895,4.995232203321854,65,0,2169.0
17257_2879,4.972049037884065,36,1,2030.5
17249_2900,4.951422029674609,9,0,1675.5
17248_2889,4.8826819701077575,37,0,2033.5
17233_2881,4.867519148949805,26,0,1948.5
17255_2860,4.859696544214864,8,1,1637.5
17248_2875,4.842658289746602,26,0,1946.5
17269_2943,4.7950572238765945,34,1,2014.5
17241_2905,4.781182574845051,21,0,1892.0
17227_2879,4.774915890388466,11,0,1723.5
17260_2871,4.714533713057211,64,1,2155.5
17243_2901,4.714318227837344,56,0,2125.0
17234_2873,4.664489195327732,10,0,1695.5
17243_2878,4.614361312116224,35,1,2014.5
17263_2848,4.586088356415706,45,0,2068.5
17260_2872,4.542608714737496,52,0,2107.5
17224_2882,4.533744276079745,30,0,1966.5
17266_2881,4.523019079511278,43,1,2056.0
17243_2887,4.522844948892511,79,1,2195.5
17242_2890,4.520929370049579,64,1,2146.5
17231_2887,4.518768498507539,11,0,1712.5
17235_2888,4.4757773532663965,66,1,2152.0
17237_2884,4.465376298329247,135,1,2274.0
17235_2863,4.460125541128516,22,1,1889.5
17241_2871,4.453049269420255,56,1,2112.0
17248_2921,4.450725637577751,18,0,1833.0
17255_2903,4.443721881860213,14,0,1764.5
17230_2877,4.43554876746224,50,1,2086.0
17239_2895,4.422227518651157,61,1,2127.0
17252_2866,4.421525938050106,49,1,2077.0
17271_2894,4.409725127333067,48,1,2070.5
17277_2876,4.388404807005214,77,1,2176.5
17242_2879,4.362379083415016,36,1,1999.5
17265_2868,4.330273297032008,135,0,2263.0
17246_2872,4.319534429109721,141,0,2277.5
17253_2868,4.313709404989285,14,0,1755.5
17229_2879,4.2760146198537266,22,0,1876.5
17274_2880,4.260217519957269,57,0,2105.0
17236_2875,4.260060676391646,43,0,2035.0
17249_2889,4.254148570960986,6,0,1526.0
17229_2896,4.227657560423428,44,0,2038.5
17223_2891,4.214415887229252,38,1,2001.5
17239_2871,4.204512768045006,22,1,1870.5
17231_2882,4.1974335197420105,20,1,1846.0
17218_2869,4.054853318550609,42,1,2020.5
17244_2861,4.042975964018164,6,0,1520.0
17242_2882,4.039426198852911,57,1,2096.0
17257_2867,3.9959819301401973,23,1,1876.5
17241_2893,3.9878026763382777,47,1,2047.5
17251_2882,3.983965368573799,25,0,1894.0
17259_2870,3.977788076547974,25,1,1893.0
17219_2900,3.954681605153851,32,1,1947.0
17245_2878,3.9385920043962166,25,0,1891.0
17241_2868,3.935541706874155,44,0,2025.5
17268_2883,3.933023798414198,34,0,1967.5
17241_2882,3.9278060235972334,70,1,2135.5
17260_2864,3.912416388676083,9,0,1621.5
17232_2868,3.8919446036690104,114,0,2219.5
17243_2889,3.859150575256042,168,0,2277.5
17268_2886,3.8474982078204674,21,0,1841.0
17268_2893,3.8351933096472504,30,1,1922.5
17273_2880,3.7887841482214477,42,0,2003.5
17240_2894,3.788159722792068,24,1,1871.5
17258_2879,3.7722617326015584,15,1,1745.5
17238_2868,3.751405203548108,43,1,2009.0
17242_2905,3.6753889570279505,71,1,2127.0
17254_2884,3.6417288042142943,50,1,2047.0
17255_2884,3.6255324619489238,25,0,1876.0
17269_2881,3.6211900772699477,38,1,1974.5
17246_2871,3.616837252785356,68,0,2115.0
17262_2852,3.584031480453257,37,0,1966.5
17253_2878,3.5824685583878737,42,1,1993.5
17267_2892,3.5752861464418246,18,0,1786.0
17257_2887,3.5629396465682994,48,1,2027.5
17251_2884,3.5470746828021458,64,1,2091.5
17244_2871,3.538429673088709,13,1,1695.0
17270_2887,3.5206545352747196,62,1,2082.5
17241_2856,3.5123635798234343,15,0,1731.5
17230_2893,3.504421415269946,73,0,2116.5
17221_2876,3.480855318755228,23,0,1844.5
17251_2889,3.42940978832,50,0,2033.0
17264_2929,3.4190020113662456,41,1,1976.5
17240_2903,3.4162110395111633,19,1,1793.5
17251_2899,3.415066776821387,11,0,1649.5
17236_2878,3.3897380210284154,5,1,1437.0
17240_2875,3.3507260442066467,105,0,2178.5
17250_2899,3.34871076279408,39,0,1963.5
17267_2933,3.325717194433449,29,0,1885.5
17278_2885,3.2937417808533507,33,1,1921.5
17277_2880,3.2913647402630155,32,0,1909.0
17277_2881,3.290650885528813,55,0,2041.0
17268_2889,3.2579088986913822,17,1,1751.0
17227_2878,3.2544742966311064,12,1,1659.5
17243_2899,3.2386147111172927,41,0,1964.5
17241_2870,3.2066513196419986,42,1,1970.5
17237_2885,3.1958590463468237,25,1,1848.0
17229_2883,3.1676883836552925,59,0,2053.0
17245_2866,3.1672121021720385,9,1,1580.5
17220_2875,3.1362781390248666,42,0,1966.5
17250_2870,3.1224578880517835,17,1,1743.0
17224_2881,3.1005049529950126,15,1,1708.5
17224_2884,3.0990225593444385,33,0,1908.5
17239_2869,3.088340975192896,102,0,2153.0
17228_2883,3.0754720532662385,10,0,1604.5
17225_2874,3.0729279171066772,42,0,1960.5
17261_2867,3.067277711619889,48,1,1995.5
17257_2865,3.0665530041102054,64,0,2059.5
17245_2881,3.031748264476779,57,0,2035.0
17233_2877,3.017489370117609,8,0,1534.5
17235_2892,3.0068615525206237,74,1,2088.5
17242_2868,2.998847300828359,73,1,2084.5
17245_2876,2.9944523476183793,26,1,1841.5
17266_2880,2.9842840016261794,40,0,1942.5
17227_2888,2.951595159295125,46,0,1975.5
17223_2902,2.930907562238533,17,0,1728.0
17246_2878,2.9210223234738595,68,1,2069.0
17229_2877,2.9021046446028524,88,1,2118.5
17237_2896,2.889623620108291,33,1,1892.5
17236_2880,2.8850564358858066,44,1,1960.5
17259_2869,2.8776941575809096,19,0,1756.5
17248_2876,2.871297079535877,10,1,1587.5
17241_2884,2.871033757835277,144,1,2194.5
17226_2878,2.8633058319244173,35,0,1905.5
17224_2883,2.860879506504827,56,0,2013.0
17263_2889,2.8595833363824816,53,0,2001.5
17250_2898,2.8478722572378077,39,0,1924.5
17266_2932,2.839484918868361,8,1,1516.5
17253_2879,2.818610725050935,25,1,1816.0
17225_2883,2.790071896661255,24,0,1805.5
17244_2869,2.7735466747227755,21,0,1771.0
17224_2886,2.7692515628066596,24,0,1803.5
17262_2933,2.768794312366579,14,0,1659.5
17258_2856,2.765120703691734,108,1,2135.5
17251_2866,2.7542729155289707,29,1,1839.5
17269_2889,2.7524865668959984,19,1,1741.5
17250_2897,2.746965186093777,45,1,1947.5
17239_2887,2.7402157472778166,13,1,1634.0
17237_2863,2.731877923895636,9,0,1540.5
17245_2888,2.722033459963769,30,0,1844.5
17249_2898,2.693499785723412,13,0,1631.0
17220_2874,2.691711358948818,24,0,1793.5
17243_2860,2.674414202962186,40,1,1913.5
17275_2879,2.654870629511002,6,1,1423.0
17278_2863,2.647231034149834,21,1,1757.0
17241_2885,2.6408350162578302,66,0,2029.0
17231_2867,2.6406189887035314,44,0,1933.5
17241_2866,2.6309233919092025,46,0,1942.5
17230_2901,2.6132257919840756,16,1,1679.0
17238_2900,2.5998323501596134,42,1,1916.5
17242_2893,2.5701422793505966,230,0,2232.0
17220_2899,2.5633874840507165,4,0,1312.5
17220_2900,2.5390398104027425,35,0,1876.5
17228_2891,2.534744983998199,31,0,1839.0
17239_2914,2.533593931220328,41,0,1904.5
17243_2900,2.5054575812213233,26,0,1798.5
17236_2863,2.461844568591056,17,0,1687.0
17235_2864,2.455104895628721,17,0,1686.0
17219_2869,2.4513514149264544,5,1,1364.0
17277_2886,2.4314467351828886,7,0,1445.0
17265_2879,2.430681980059402,26,1,1793.5
17250_2865,2.4243099371564703,9,0,1517.5
17240_2885,2.422621249545403,101,1,2091.0
17253_2883,2.3814654105731172,87,1,2070.5
17241_2867,2.3514359488325023,47,1,1932.5
17238_2864,2.3436313140209646,12,0,1587.5
17267_2868,2.3404350378598746,3,0,1226.5
17234_2898,2.335477725204702,23,1,1757.5
17235_2893,2.334943222913816,124,1,2117.5
17248_2865,2.294919932896801,9,0,1509.5
17277_2882,2.2826829756540885,39,0,1880.5
17257_2855,2.273924969400998,121,0,2111.0
17247_2880,2.2694379414740533,42,1,1893.5
17258_2886,2.2647390104566383,22,1,1740.5
17235_2887,2.25105931758019,181,0,2175.5
17246_2869,2.251047696175678,206,0,2196.0
17241_2888,2.246966112616871,75,1,2025.5
17251_2864,2.2132005332213676,25,0,1767.0
17248_2885,2.2115750893298247,46,1,1911.5
17245_2869,2.208883950337676,366,0,2265.0
17260_2861,2.206983980075826,60,0,1973.0
17242_2866,2.1673942946026656,7,0,1423.0
17222_2899,2.1652780939063905,167,0,2152.5
17233_2894,2.156412572572297,14,0,1608.5
17227_2898,2.1546606709171923,22,1,1729.5
17269_2880,2.1064521119466018,13,0,1586.0
17245_2877,2.0742597373420817,21,1,1715.0
17241_2910,2.0725132922056497,31,1,1805.0
17239_2874,2.0677848797450045,21,1,1713.0
17247_2890,2.06628146852,37,1,1848.5
17229_2880,2.0654044785538517,16,0,1637.0
17266_2874,2.060999353852705,46,1,1898.5
17250_2867,2.0485351098198405,29,1,1781.5
17264_2885,2.0425641455727055,32,0,1806.0
17274_2871,2.0384860256146626,12,0,1558.5
17264_2879,2.0336934931908983,10,1,1513.5
17242_2857,2.0334256178357757,17,1,1647.0
17239_2896,2.006929670421882,7,0,1407.0
17243_2894,2.0046911062896733,68,1,1987.0
17252_2907,1.9951897487130976,84,0,2027.5
17257_2886,1.9877892711791318,19,1,1676.5
17267_2893,1.9688563263776786,8,0,1442.5
17268_2866,1.9687370303911418,10,1,1506.5
17232_2861,1.9633919288950152,37,1,1834.5
17241_2901,1.9528353336239965,38,0,1839.5
17222_2880,1.9460550210393845,2,1,1100.0
17235_2871,1.9456586643453921,13,0,1565.0
17254_2871,1.9413668158177784,63,1,1955.5
17244_2878,1.9322942520051272,19,0,1668.5
17214_2901,1.9122397465706753,33,0,1801.5
17239_2901,1.9122365691422043,10,0,1498.5
17244_2877,1.906295705730022,14,1,1580.5
17232_2862,1.9057956472952067,29,1,1761.5
17252_2863,1.904348703788317,13,1,1558.0
17251_2894,1.9032126829634175,18,1,1645.0
17250_2894,1.9011282928550648,8,0,1428.5
17257_2893,1.894462897987655,38,0,1827.5
17261_2933,1.890667188634999,14,0,1574.5
17271_2884,1.8897390729041132,6,1,1348.0
17235_2869,1.8690812897667826,9,0,1459.5
17243_2911,1.8630312232636508,13,0,1551.0
17250_2892,1.8585903321833666,13,0,1550.0
17261_2934,1.8506987595012008,8,0,1421.5
17240_2891,1.8491334847295542,15,0,1586.5
17234_2900,1.8270467056443978,7,1,1380.0
17236_2897,1.8191961774477248,33,0,1785.5
17268_2867,1.8164045323177342,6,0,1340.0
17228_2893,1.80655876599986,21,1,1674.0
17239_2910,1.7984434034025611,92,0,2011.5
17265_2876,1.797108151488192,21,0,1672.0
17231_2861,1.7926073574333432,26,0,1723.5
17220_2886,1.7880449996444976,8,0,1412.5
17232_2898,1.778857993993171,20,0,1658.0
17240_2898,1.7605535261425356,6,1,1333.0
17237_2882,1.7482490011378995,37,1,1803.5
17273_2879,1.746366024374168,86,1,1995.5
17255_2902,1.7303573623867743,22,0,1677.5
17226_2895,1.7279334476204016,18,1,1622.0
17230_2884,1.72727634785386,51,0,1882.0
17247_2872,1.7151241770863792,4,0,1224.5
17238_2866,1.711542414429635,20,0,1650.0
17235_2890,1.7109670020778625,15,0,1568.5
17254_2860,1.6779207891830328,9,0,1436.5
17245_2874,1.6771136858490667,143,1,2072.0
17280_2893,1.6727753696975671,11,0,1489.5
17272_2879,1.6664897326380397,4,1,1218.5
17253_2894,1.660747960769201,13,0,1525.0
17248_2897,1.6579431892777021,12,1,1505.5
17248_2893,1.65653002270379,10,1,1460.5
17266_2933,1.6472137391369936,7,0,1355.0
17246_2876,1.6455185446877056,6,1,1316.0
17231_2893,1.6389093585225196,22,0,1662.5
17266_2868,1.6253752772925965,45,1,1831.5
17271_2879,1.6183762843393164,23,1,1671.5
17263_2878,1.6139334889217336,5,0,1268.0
17233_2869,1.6135547263492995,33,1,1755.5
17231_2868,1.6081719764506464,16,1,1571.0
17233_2898,1.597418068789095,4,0,1206.5
17231_2891,1.5954713316394757,46,1,1831.5
17257_2866,1.593643713895118,32,1,1740.0
17237_2869,1.5896077500795691,5,0,1262.0
17240_2893,1.5805755480001495,30,0,1722.5
17261_2868,1.5791973638637353,31,0,1730.0
17237_2898,1.5501561223553417,5,1,1259.0
17232_2885,1.54302013257846,47,0,1832.5
17254_2866,1.5374689348481234,17,1,1578.0
17235_2895,1.533760471948642,32,1,1733.0
17253_2871,1.5327156681979888,18,0,1592.0
17251_2870,1.5132612223918431,19,0,1608.5
17225_2880,1.5024559927304493,24,1,1665.5
17242_2870,1.4993052899239263,8,0,1373.5
17243_2867,1.4921360573270377,35,0,1757.5
17266_2883,1.4915970580377815,28,0,1692.5
17240_2904,1.4779592223104552,11,0,1460.5
17247_2898,1.4670872387968912,34,1,1748.5
17230_2891,1.4477681719491036,9,1,1403.5
17256_2902,1.4381360157258434,9,0,1402.5
17251_2875,1.4361336205319128,14,1,1514.5
17272_2889,1.4347268492090557,3,0,1114.5
17254_2870,1.4275315508824757,13,0,1492.0
17252_2883,1.40256843485461,5,1,1242.0
17236_2887,1.3925684673225123,7,0,1323.0
17279_2887,1.391859000188925,19,0,1594.5
17233_2899,1.3892285144290293,39,0,1767.5
17246_2862,1.3887479680311865,12,0,1468.5
17243_2866,1.379080157717433,17,0,1558.0
17225_2868,1.3717438272625555,31,0,1706.0
17261_2893,1.3703210312599787,10,1,1421.5
17229_2903,1.360071118953034,5,1,1234.0
17247_2861,1.356859172757046,4,1,1174.5
17246_2861,1.3486282955324276,2,0,1015.0
17231_2885,1.3459802161507408,2,0,1014.0
17262_2878,1.345707833340401,10,0,1416.5
17230_2883,1.3343338548801777,30,1,1690.5
17264_2878,1.3213002057578302,5,0,1228.0
17255_2885,1.3207044453645576,16,0,1532.0
17255_2866,1.3176905990888443,16,0,1531.0
17235_2879,1.3152406312844709,13,1,1474.0
17232_2907,1.300020950179623,20,1,1592.0
17256_2887,1.2946113077889854,112,0,1976.0
17221_2882,1.2899112212377906,13,0,1471.0
17263_2868,1.2843408576164148,60,1,1852.0
17249_2897,1.280195402955311,49,1,1805.0
17234_2896,1.2656107796190526,111,1,1970.5
17253_2903,1.2646526979784962,3,0,1088.5
17271_2886,1.2627106588186159,5,0,1217.0
17244_2875,1.2569605531558363,24,1,1628.5
17229_2884,1.2507719105596002,22,0,1606.5
17268_2932,1.2483436334492748,9,1,1370.5
17262_2850,1.2322788068643897,21,0,1592.0
17223_2887,1.2299468300295848,3,0,1082.5
17263_2875,1.2271141149332352,3,0,1081.5
17256_2881,1.224856528398985,16,0,1515.0
17228_2879,1.2209174795129003,3,0,1079.5
17255_2931,1.2168973037204245,10,0,1394.5
17252_2927,1.2139173601488311,19,0,1561.5
17232_2892,1.213813253936717,43,1,1758.0
17231_2892,1.1814041431797289,18,1,1542.0
17266_2845,1.1743294043019117,34,1,1704.5
17230_2859,1.1737204813993125,33,1,1691.5
17218_2885,1.1622648581497212,3,0,1072.5
17244_2893,1.157811524681271,16,0,1506.0
17216_2901,1.1535098841024347,14,0,1469.5
17276_2878,1.1529303256781154,34,0,1699.5
17270_2888,1.1527293952866742,3,0,1068.5
17244_2889,1.1498145705789669,14,0,1466.5
17255_2872,1.1482799441211475,34,0,1696.5
17252_2889,1.1464313379986777,15,0,1482.5
17240_2869,1.1367183575764546,39,1,1722.5
17252_2861,1.1333606510507717,5,0,1193.0
17254_2864,1.1317102676660762,3,0,1062.5
17239_2872,1.1201730747492056,13,0,1440.0
17229_2868,1.117203078940521,47,1,1764.5
17230_2860,1.1115944942029488,46,0,1756.5
17261_2865,1.1102027087851531,11,1,1399.5
17238_2865,1.1066687164898712,6,0,1231.0
17252_2862,1.0993192731541364,11,0,1397.5
17262_2876,1.0922981082684005,3,0,1055.5
17219_2883,1.0900719438126791,4,0,1125.5
17247_2881,1.0861496073329115,8,0,1304.5
17254_2868,1.070654758871259,96,0,1906.0
17237_2891,1.0599637658709915,25,1,1603.0
17238_2904,1.0532477522361299,5,0,1180.0
17249_2884,1.045667839382255,20,0,1547.0
17237_2899,1.0376909957145521,13,0,1427.0
17274_2870,1.0353482677486963,7,0,1259.0
17225_2879,1.0327291802118659,10,0,1362.5
17242_2892,1.0305410188027047,97,0,1901.0
17251_2904,1.0260720807138524,103,0,1911.0
17253_2870,1.0192307697850889,13,0,1422.0
17223_2880,1.0186163306469735,20,1,1540.0
17230_2892,1.0068100366276973,20,0,1539.0
17248_2877,1.0032179853394991,3,0,1040.5
17234_2899,0.9984017376249155,11,0,1380.5
17250_2872,0.9777691113719185,9,0,1324.5
17246_2868,0.9741230945916755,3,0,1037.5
17238_2867,0.9679687215391912,5,1,1166.0
17268_2882,0.965876977162791,18,0,1502.0
17262_2893,0.9646654944019779,1,0,803.5
17248_2866,0.9624817285836123,3,0,1033.5
17245_2868,0.9622759353221458,1,0,801.5
17237_2874,0.9621804761748284,1,0,800.5
17243_2864,0.9618884503583344,13,0,1409.0
17255_2901,0.9609643480383064,34,0,1659.5
17211_2903,0.9592044314174973,10,1,1344.5
17256_2862,0.9520680963864411,1,0,796.5
17259_2854,0.9516431608450093,1,0,795.5
17270_2895,0.9510768751367348,1,0,794.5
17230_2897,0.9506457697965434,28,0,1596.5
17236_2870,0.9498981953085875,1,0,792.5
17249_2879,0.9489880451200629,8,0,1273.5
17257_2891,0.947822674889658,19,0,1505.5
17267_2845,0.9477802514928777,1,0,789.5
17261_2852,0.9469256584360992,14,0,1418.5
17242_2885,0.9467919175385854,21,0,1527.0
17225_2870,0.9340203429339266,2,0,930.0
17277_2898,0.9246438592606986,15,0,1433.5
17258_2891,0.9239573277496331,7,0,1227.0
17235_2875,0.9084530543894146,8,0,1265.5
17235_2894,0.9073175726348083,7,0,1225.0
17268_2887,0.904650490768543,8,0,1263.5
17220_2870,0.8997694341069631,1,0,780.5
17256_2903,0.8995016854304368,1,0,779.5
17267_2932,0.8980124520178809,14,1,1408.5
17228_2857,0.8905576941792892,17,0,1459.0
17263_2854,0.8860826583941572,9,0,1293.5
17241_2855,0.8859681982550114,8,1,1257.5
17273_2885,0.883781424036495,12,0,1365.5
17251_2893,0.8825021809030664,2,0,917.0
17259_2861,0.8788664471103771,9,0,1289.5
17256_2863,0.8714810335543905,1,0,771.5
17228_2898,0.8674666752623205,5,0,1131.0
17251_2911,0.8591875613318076,3,0,1000.5
17254_2885,0.8557726801173863,18,0,1466.0
17262_2888,0.8541030806431396,15,1,1415.5
17263_2932,0.8502419547498954,3,0,997.5
17236_2872,0.8500082592337971,6,0,1170.0
17230_2878,0.8409047675360702,22,0,1516.5
17244_2904,0.8322745344645928,1,0,763.5
17258_2895,0.8216881084698562,18,0,1460.0
17266_2846,0.8216864969784337,2,0,905.0
17266_2890,0.8204232777124761,12,0,1351.5
17252_2881,0.8178890366445332,5,1,1120.0
17224_2894,0.8176791886751906,9,0,1275.5
17217_2869,0.8172252232038697,28,1,1560.5
17230_2889,0.8139530738944414,9,0,1273.5
17222_2903,0.8127507948724895,4,0,1057.5
17248_2919,0.8055131010194141,11,0,1326.5
17264_2933,0.805322225054012,2,0,897.0
17235_2870,0.8048329640126397,4,1,1054.5
17251_2895,0.7936530654892193,14,0,1381.5
17271_2887,0.7851623254602105,8,1,1232.5
17217_2885,0.7803920913774272,33,1,1598.5
17258_2894,0.770534754040252,3,0,979.5
17242_2859,0.7690955662997,5,0,1108.0
17250_2901,0.764972135885244,9,0,1263.5
17243_2898,0.7645471842873437,2,0,889.0
17276_2874,0.7550252163315035,3,0,975.5
17238_2872,0.7534434839476785,33,0,1592.5
17244_2867,0.7514971950750702,4,1,1044.5
17266_2870,0.7489937035979292,26,0,1533.5
17250_2861,0.7398129142941293,4,0,1042.5
17274_2879,0.7391767402716766,3,1,970.5
17256_2882,0.7383343498467527,16,0,1404.0
17239_2903,0.7360530441758297,16,0,1403.0
17233_2873,0.7327982676897888,6,0,1141.0
17249_2891,0.7322652983935013,2,0,879.0
17221_2871,0.7283391053592906,3,0,965.5
17229_2890,0.7253791392858793,3,0,964.5
17228_2858,0.7240992507806007,48,1,1672.5
17275_2863,0.7229135967310141,15,0,1379.5
17276_2875,0.721550662265041,2,0,874.0
17266_2893,0.7178793538919613,5,0,1090.0
17252_2872,0.7157981411192853,32,0,1566.0
17256_2883,0.7155597622777499,3,0,958.5
17234_2865,0.7114232310876246,1,1,726.5
17231_2860,0.7113288452227835,22,1,1477.5
17215_2866,0.7035971811250948,1,0,724.5
17247_2871,0.7019528923442042,8,0,1205.5
17243_2883,0.69449262002674,33,0,1571.5
17257_2894,0.6931767515141029,6,0,1126.0
17265_2929,0.6861557667708096,4,1,1022.5
17244_2864,0.6723985366925612,3,1,950.5
17244_2911,0.6705507561809367,3,0,949.5
17225_2896,0.6682332127298927,43,0,1630.0
17263_2871,0.6649773777515003,3,0,947.5
17227_2885,0.6615111405387479,5,1,1076.0
17227_2899,0.6578382350533145,31,0,1545.0
17231_2870,0.6508969025660114,12,1,1304.5
17248_2873,0.6459191452576823,5,1,1073.0
17281_2885,0.6411224379897831,16,0,1377.0
17232_2891,0.6410472175573817,11,1,1282.5
17230_2879,0.6307098033667218,10,0,1256.5
17261_2880,0.6244559958707996,4,0,1010.5
17210_2904,0.6238939311486372,8,0,1189.5
17251_2902,0.6206144121967185,1,0,706.5
17260_2932,0.6184939163830021,1,0,705.5
17268_2933,0.6160615341626678,7,0,1147.0
17253_2876,0.6156167786062858,1,0,703.5
17235_2874,0.6111481112716279,7,0,1145.0
17222_2881,0.6088869910014201,7,0,1144.0
17249_2895,0.6021996522024103,23,1,1463.5
17249_2867,0.5971774578725029,7,1,1142.0
17216_2886,0.5963705143133831,23,1,1461.5
17273_2896,0.5882242552709108,4,0,999.5
17239_2911,0.5848975794588323,15,1,1344.5
17243_2891,0.5833461435206686,24,0,1468.5
17235_2906,0.5743885274828348,33,1,1543.5
17244_2888,0.5597362265535942,12,0,1284.5
17226_2875,0.5565467262638175,7,0,1135.0
17252_2890,0.5565446527664726,11,0,1263.5
17226_2898,0.5555697783957129,6,0,1095.0
17252_2895,0.5502475958677969,2,0,833.0
17239_2876,0.5484673125745307,29,0,1500.5
17249_2915,0.5477129530906278,53,0,1652.5
17233_2862,0.5464851458860718,16,0,1352.0
17235_2867,0.542046549818235,6,0,1090.0
17247_2915,0.5419726469231646,49,0,1630.0
17269_2942,0.5415848005835002,1,0,683.5
17254_2930,0.5411284979805138,8,0,1164.5
17246_2916,0.5397537428310687,23,0,1444.5
17237_2904,0.5349166975801191,2,0,824.0
17254_2893,0.5228202057389766,11,0,1251.5
17236_2894,0.5155482114527009,17,0,1360.0
17245_2870,0.5097972759569777,8,0,1159.5
17221_2878,0.5070351246742999,4,0,978.5
17235_2902,0.5050956183481885,3,0,906.5
17229_2858,0.5042591730649338,10,0,1221.5
17250_2871,0.5006015248196201,2,0,817.0
17240_2901,0.4968853764546617,13,0,1282.0
17244_2887,0.49050094326514887,11,1,1243.5
17266_2869,0.48833311930716095,5,0,1031.0
17258_2889,0.48364378903786104,76,0,1713.5
17267_2857,0.4822415407824234,7,0,1111.0
17239_2868,0.4784008910987911,17,0,1349.0
17252_2871,0.47738884585006874,6,1,1071.0
17241_2898,0.4691939815215117,4,0,967.5
17221_2900,0.4667488850317608,33,1,1513.5
17272_2886,0.4667086458881388,9,0,1180.5
17253_2872,0.46235839190368355,5,0,1023.0
17244_2912,0.45385065831845384,21,0,1401.0
17231_2889,0.45212842532961617,3,1,891.5
17232_2867,0.45043337382083826,2,0,803.0
17241_2865,0.4489004506326182,5,0,1019.0
17266_2884,0.4483631749221119,7,0,1100.0
17254_2900,0.44576653461161486,13,0,1266.0
17240_2889,0.44417288796469995,9,1,1172.5
17236_2867,0.44290654316238515,1,0,654.5
17227_2876,0.44158220010636706,19,0,1368.5
17228_2896,0.44100356137055907,4,0,954.5
17262_2889,0.4388182574044319,8,1,1133.5
17263_2869,0.4384965095428952,15,0,1298.5
17253_2930,0.4377563151909947,11,0,1221.5
17225_2894,0.43721985209678216,2,0,792.0
17254_2894,0.43419557802401015,19,1,1362.5
17246_2915,0.4316732141502773,66,0,1659.0
17218_2870,0.4287689521719226,3,0,876.5
17267_2887,0.4207451402287674,14,0,1274.5
17257_2881,0.4203053129885016,7,1,1086.0
17253_2860,0.41869443316710026,5,0,1003.0
17269_2887,0.41849920767568943,7,0,1084.0
17231_2877,0.41778385693420206,4,0,942.5
17254_2899,0.40777151555762997,9,0,1156.5
17236_2881,0.4071754782687406,6,0,1043.0
17236_2893,0.40539285045309553,28,0,1440.5
17235_2872,0.40365124273918024,1,0,636.5
17243_2903,0.40312002074163306,43,0,1548.0
17224_2874,0.4021883113596073,10,0,1181.5
17261_2871,0.4003831560934562,16,0,1299.0
17278_2883,0.4002472276720654,19,0,1347.5
17254_2891,0.39279265788334433,3,1,862.5
17237_2903,0.38773505599512326,10,0,1177.5
17229_2885,0.38655749197810574,3,0,860.5
17232_2902,0.38447869223857556,2,0,772.0
17228_2888,0.381090310929391,2,0,771.0
17245_2880,0.3791633962863174,15,1,1274.5
17245_2879,0.37906889288899537,4,0,927.5
17258_2933,0.37663376158857786,5,0,985.0
17248_2878,0.37374465910686466,30,0,1445.5
17248_2904,0.37053064920895723,1,0,622.5
17244_2898,0.3690468473851157,7,0,1064.0
17264_2854,0.367353303299434,2,0,764.0
17270_2883,0.36593430512257513,3,1,850.5
17236_2910,0.3645172540240123,18,0,1316.0
17219_2885,0.35636401283318375,25,0,1400.0
17278_2890,0.35533858157533976,1,0,616.5
17241_2897,0.3535242246033815,5,1,976.0
17226_2870,0.3519909439845319,13,0,1224.0
17243_2868,0.3513057078191781,20,0,1342.0
17238_2910,0.35022287835342464,24,1,1385.5
17266_2931,0.3498219774632017,2,1,755.0
17234_2875,0.3442417946786992,19,1,1325.5
17253_2892,0.33882836449517534,4,0,911.5
17242_2872,0.3290912193342325,1,0,608.5
17236_2874,0.32818816382280963,9,0,1124.5
17242_2910,0.3265843188232789,7,1,1049.0
17238_2871,0.32431278518130985,23,0,1368.5
17273_2882,0.3225022310059813,3,0,835.5
17228_2867,0.3223380526437744,1,0,603.5
17219_2888,0.31862992920679273,38,1,1484.5
17277_2879,0.3169300591393809,6,0,1006.0
17274_2882,0.31665981616380157,5,0,961.0
17270_2943,0.3150031046032198,6,0,1004.0
17256_2853,0.3126576016708306,14,0,1228.5
17240_2860,0.30886316234001127,2,0,741.0
17245_2864,0.30863164141835,1,0,596.5
17229_2897,0.3075008439796856,1,0,595.5
17240_2864,0.3053104681593346,20,0,1323.0
17229_2876,0.3019644648499599,11,0,1165.5
17280_2891,0.3008026663036751,8,0,1074.5
17255_2893,0.2989816499733266,11,0,1163.5
17248_2922,0.29087397189576875,8,1,1072.5
17269_2878,0.28995283860543375,3,0,820.5
17231_2876,0.28865545633503326,1,0,588.5
17278_2862,0.28838959114861706,17,0,1269.0
17270_2894,0.2870517990632441,11,0,1158.5
17243_2888,0.2852230494991261,58,1,1571.5
17219_2873,0.2824528084633413,5,0,945.0
17254_2881,0.28171605774156216,8,0,1065.5
17229_2859,0.2802596681053684,9,1,1099.5
17247_2878,0.2786670083703671,7,0,1024.0
17218_2890,0.2783267848312589,21,0,1320.0
17256_2893,0.2752930301008255,18,0,1277.0
17244_2879,0.2752332535801974,9,0,1095.5
17217_2868,0.2736122502020372,1,0,577.5
17230_2873,0.2733190332369813,2,0,720.0
17250_2873,0.27123741190007694,6,0,980.0
17242_2911,0.26720181834564954,5,0,935.0
17267_2888,0.2651020209602046,1,0,573.5
17235_2868,0.26354279764799676,2,0,716.0
17273_2887,0.26245900420663204,1,0,571.5
17235_2876,0.26149785686925264,2,0,714.0
17227_2892,0.26113444028278027,1,0,569.5
17255_2904,0.260384240317227,1,0,568.5
17244_2870,0.2591784765759276,10,0,1114.5
17239_2867,0.25771236519025353,3,0,797.5
17213_2902,0.25588192707668483,30,0,1387.5
17253_2869,0.25563665578605055,24,0,1337.5
17228_2882,0.25530932144524193,3,0,794.5
17237_2872,0.2532805250188294,3,0,793.5
17234_2863,0.24926031942503366,3,0,792.5
17279_2891,0.2460398448023146,4,0,862.5
17236_2873,0.24493617665578407,1,0,559.5
17247_2875,0.2447953838551047,4,0,860.5
17224_2872,0.24336180864671433,1,0,557.5
17258_2868,0.24280715183918644,1,0,556.5
17243_2890,0.241726015106078,15,0,1203.5
17275_2882,0.2413344068273043,2,0,698.0
17252_2896,0.2405761693844837,7,0,996.0
17246_2889,0.23884842613037724,9,1,1069.5
17225_2897,0.237248615210241,11,0,1123.5
17270_2944,0.23618742421857405,10,1,1097.5
17235_2881,0.23605203687740856,14,0,1179.5
17248_2892,0.2354987079810143,5,0,909.0
17255_2886,0.23222879515718647,27,0,1345.5
17234_2904,0.23213541977617355,6,0,951.0
17265_2883,0.22807519491157527,24,0,1318.5
17234_2871,0.22788059898595764,5,0,905.0
17263_2886,0.22633893996720506,26,0,1335.5
17227_2881,0.22612477730335862,1,0,542.5
17210_2861,0.22518284370130007,2,1,685.0
17238_2903,0.2244582671266115,8,0,1022.5
17255_2878,0.22394270550411738,2,0,683.0
17237_2910,0.21460326378739544,19,0,1253.5
17236_2895,0.21342806946121157,31,1,1368.0
17232_2906,0.21229792899610173,3,1,767.5
17219_2877,0.20885598760086968,13,0,1145.0
17218_2868,0.20732766755881932,8,0,1016.5
17237_2860,0.20729459969895633,14,0,1163.5
17242_2869,0.20041768476025196,3,0,763.5
17223_2895,0.19947495652258776,9,0,1048.5
17242_2873,0.19917115312349362,46,0,1458.5
17274_2902,0.19605174422630922,1,0,529.5
17234_2895,0.19349393565675227,3,0,759.5
17280_2892,0.19219289344342938,16,1,1193.0
17238_2863,0.19161020886139102,3,0,757.5
17244_2872,0.19036749204652653,2,0,669.0
17253_2865,0.1885846207262616,9,0,1041.5
17249_2890,0.18847369373797526,5,0,884.0
17255_2905,0.18822691309884482,2,0,666.0
17239_2859,0.1862960283627079,1,0,521.5
17253_2877,0.18477599832573177,6,0,925.0
17236_2879,0.18286273115588664,1,1,519.5
17240_2877,0.18114660530563553,69,1,1546.0
17249_2866,0.18009926124698933,5,0,878.0
17262_2880,0.17610221080020888,7,0,959.0
17261_2857,0.17536973417269108,3,0,746.5
17269_2884,0.1736722260960069,7,0,957.0
17232_2886,0.171136093222881,30,0,1335.5
17270_2875,0.16816478083859354,8,0,994.5
17229_2895,0.16798520912416515,17,0,1193.0
17259_2872,0.1674049641354189,5,0,871.0
17260_2854,0.16373180193686834,5,0,870.0
17224_2900,0.16330066128997217,2,0,652.0
17257_2857,0.15891328173548655,6,0,912.0
17219_2874,0.15847914832044444,2,0,650.0
17230_2880,0.15805635574909516,3,0,736.5
17246_2865,0.15768053974208335,1,0,504.5
17252_2873,0.15732139390314664,13,0,1113.0
17240_2912,0.15722631168947268,2,0,646.0
17260_2893,0.15633813728155424,7,0,944.0
17226_2896,0.15489833631389333,15,1,1148.5
17236_2860,0.15120283774461002,8,0,981.5
17240_2895,0.1506869499059493,15,0,1146.5
17215_2901,0.14939446371776394,10,0,1044.5
17250_2889,0.1484873324613274,7,0,939.0
17257_2858,0.14825865660888596,4,0,797.5
17266_2888,0.14690518162484842,1,0,494.5
17258_2853,0.1461470608176378,11,1,1065.5
17247_2893,0.14538595819695427,11,1,1064.5
17245_2913,0.14481289346569443,27,0,1289.5
17251_2876,0.14397225619449394,4,0,792.5
17264_2875,0.14108202259336738,14,0,1119.5
17221_2908,0.1403170379560326,1,0,488.5
17230_2898,0.13848466229239484,1,0,487.5
17270_2882,0.13845032015685044,1,0,486.5
17268_2890,0.1375116121401695,2,0,629.0
17267_2942,0.1374029648842265,7,0,927.0
17260_2862,0.137259204307512,4,0,785.5
17229_2873,0.13671689880097193,1,0,482.5
17267_2858,0.13629943309184306,2,0,625.0
17258_2870,0.1358381281975018,1,0,480.5
17225_2882,0.1342676848731874,5,0,840.0
17238_2898,0.13397831159695228,5,0,839.0
17271_2883,0.13392263373024685,4,0,779.5
17222_2906,0.13387556422147567,3,1,707.5
17245_2914,0.1333807525503175,8,0,957.5
17237_2897,0.13160683395187012,3,0,705.5
17247_2879,0.13054680221704826,1,0,473.5
17248_2915,0.13001789433674746,57,0,1454.0
17268_2892,0.12747051535250417,4,1,773.5
17268_2874,0.1273894748429171,3,0,701.5
17253_2890,0.12643468929745633,4,1,771.5
17249_2878,0.1252847244706758,11,1,1040.5
17219_2876,0.12210546260408706,6,0,872.0
17259_2880,0.12125410692108295,15,0,1114.5
17265_2932,0.12120409349368169,1,0,465.5
17264_2847,0.12059240722233361,1,0,464.5
17241_2892,0.12058379891262305,9,0,980.5
17257_2884,0.12020866827308913,9,0,979.5
17237_2900,0.1193960461227588,1,0,461.5
17280_2881,0.1148843644824491,7,0,903.0
17254_2863,0.11486312862864528,7,1,902.0
17253_2853,0.11326502241743025,5,0,819.0
17239_2900,0.11305592341817722,1,0,457.5
17242_2864,0.11263575570094067,4,0,758.5
17237_2868,0.11245406322569652,13,0,1065.0
17280_2898,0.11130315378755179,1,0,454.5
17226_2872,0.11103980290276426,4,0,755.5
17255_2887,0.10885558777480676,51,0,1411.0
17240_2892,0.10868060499053557,7,0,894.0
17233_2863,0.10751659385410756,10,1,997.5
17258_2854,0.10731737667962837,3,0,680.5
17240_2911,0.1053153684642014,10,0,995.5
17237_2918,0.10520474327449264,1,0,447.5
17251_2905,0.10359906178417812,15,0,1094.5
17255_2890,0.10340429332036039,1,0,445.5
17245_2912,0.10121014207411569,12,0,1035.5
17277_2884,0.09974687784503083,3,0,674.5
17256_2892,0.09909438983615103,4,1,744.5
17250_2877,0.09817853424994684,36,0,1312.5
17229_2872,0.09719451836434842,2,0,584.0
17220_2892,0.09675386899628487,57,0,1421.0
17243_2924,0.09659493798130105,13,0,1048.0
17264_2868,0.09561814076480511,8,1,919.5
17236_2869,0.0956001377029379,1,0,436.5
17233_2871,0.09391209070589202,2,0,579.0
17240_2907,0.09190150096733611,7,0,877.0
17264_2870,0.08964336260511988,5,0,794.0
17222_2895,0.08885600642542453,2,0,576.0
17219_2889,0.0887585023017045,4,0,733.5
17236_2868,0.08695794540415897,2,0,574.0
17257_2889,0.08604562598314587,10,0,976.5
17266_2867,0.08582422721533979,8,0,910.5
17242_2891,0.08512401924864016,11,1,999.5
17235_2882,0.08286131909193917,2,0,570.0
17263_2853,0.08231857878160594,5,0,786.0
17210_2903,0.08216905197327354,4,0,726.5
17238_2894,0.08211008544818152,3,0,654.5
17244_2899,0.08164526313466716,4,0,724.5
17264_2866,0.08141264300235551,5,0,782.0
17223_2873,0.07947403893700371,2,0,564.0
17250_2866,0.07905505421568054,1,0,419.5
17256_2886,0.07897035295198337,6,0,823.0
17223_2897,0.07708825447727993,4,0,719.5
17278_2886,0.07648608158952135,1,0,416.5
17253_2885,0.07446640347567501,6,1,820.0
17240_2899,0.07291986173287592,7,0,857.0
17257_2890,0.07287622878257487,12,0,1004.5
17256_2878,0.07278765005467348,18,1,1110.0
17257_2854,0.07255759132828508,1,0,411.5
17240_2876,0.07177015393124878,18,0,1108.0
17265_2889,0.07015923032438315,3,0,640.5
17238_2902,0.06876159968754439,2,1,552.0
17250_2864,0.06846845778944752,2,0,551.0
17229_2874,0.06666809887287076,3,1,637.5
17271_2866,0.06653141621987776,1,0,405.5
17252_2908,0.0644835925162303,17,0,1086.0
17270_2932,0.06424182120124564,1,0,403.5
17257_2883,0.06399912524595448,4,0,704.5
17264_2886,0.06330757348131108,8,0,883.5
17259_2864,0.06250103991116829,11,1,972.5
17246_2870,0.06189120560556674,10,0,946.5
17240_2859,0.06161012253231594,2,0,542.0
17282_2885,0.06042988402136046,2,0,541.0
17253_2866,0.06017755696948371,4,0,698.5
17223_2881,0.059706139100561585,8,0,877.5
17245_2905,0.05929620410351023,1,0,394.5
17266_2892,0.059281499527242515,1,0,393.5
17260_2858,0.05850154877756834,1,0,392.5
17261_2858,0.0582063063215724,1,0,391.5
17232_2889,0.057961409466062846,1,0,390.5
17235_2904,0.057563607809600584,4,0,691.5
17255_2892,0.0566137455892581,2,0,532.0
17222_2877,0.05625959565540567,10,0,934.5
17262_2851,0.055971123407963744,9,0,903.5
17264_2887,0.055877119754697245,7,0,828.0
17263_2887,0.05518364619363179,4,0,686.5
17220_2876,0.055146396162604916,6,0,788.0
17247_2891,0.05469694331843859,2,0,526.0
17256_2858,0.05423406307711871,1,0,381.5
17240_2887,0.05342394857528279,7,0,823.0
17226_2877,0.05311161511048968,2,0,523.0
17261_2873,0.05304009898427205,10,1,925.5
17251_2880,0.05290930582416341,4,0,679.5
17225_2872,0.05275481428033535,7,0,819.0
17263_2893,0.05210337969385289,1,0,375.5
17256_2868,0.052057837338047544,6,0,779.0
17237_2905,0.05176077348673825,1,0,373.5
17235_2898,0.05161463275681449,1,0,372.5
17236_2876,0.05133366503119937,12,0,962.5
17222_2878,0.05117745167973094,5,0,731.0
17269_2932,0.05049281285729392,1,0,369.5
17260_2853,0.049981970764993146,1,0,368.5
17274_2884,0.04992916657346742,3,0,598.5
17232_2876,0.049032560253726896,23,0,1129.5
17247_2894,0.04847242777708972,2,1,509.0
17243_2895,0.04814713149174497,1,0,364.5
17234_2861,0.047593872424272925,1,0,363.5
17242_2906,0.04750512875704553,4,0,664.5
17244_2909,0.04658356361353919,9,0,878.5
17237_2873,0.0460499226505347,15,0,1008.5
17272_2885,0.04584549157557225,5,0,720.0
17252_2904,0.04469427181665102,7,0,801.0
17244_2866,0.044034166298606965,3,0,588.5
17251_2896,0.0437074991809807,3,1,587.5
17278_2876,0.04352212800643118,1,0,355.5
17222_2870,0.04216276382073573,51,0,1313.0
17236_2865,0.04213769411672537,8,0,835.5
17229_2888,0.041877670500708994,7,0,795.0
17277_2895,0.04142417868881227,1,0,351.5
17249_2894,0.04115509555707736,2,0,494.0
17278_2899,0.04089303737895374,2,0,493.0
17262_2886,0.040890015991327966,2,0,492.0
17243_2892,0.040695063702666186,1,0,347.5
17229_2900,0.04065874504046146,1,0,346.5
17233_2876,0.040059166069143996,5,0,706.0
17242_2858,0.0400257900015054,3,0,575.5
17242_2871,0.039783623982907676,2,0,487.0
17268_2880,0.03970969047780761,2,0,486.0
17239_2906,0.03938179866750777,3,0,572.5
17234_2869,0.038599901823265226,5,0,701.0
17256_2871,0.03743553029625039,9,0,856.5
17234_2872,0.03699899480453009,4,0,640.5
17236_2871,0.036410167299997714,3,0,568.5
17241_2854,0.03622457487749976,1,0,336.5
17233_2875,0.03589873915490283,11,0,907.5
17226_2861,0.03587765709324773,1,0,334.5
17221_2872,0.03521883722970261,12,0,924.5
17248_2884,0.03519514337862699,4,0,634.5
17276_2902,0.03515033883261151,2,0,475.0
17232_2873,0.03513619515498945,1,0,330.5
17258_2857,0.03483311335680335,2,0,473.0
17275_2902,0.034828413153446675,4,0,630.5
17242_2895,0.03385981692714214,3,0,558.5
17218_2900,0.03374123611407617,7,1,769.0
17239_2864,0.033695581661012185,1,0,325.5
17225_2886,0.03363045976625043,1,0,324.5
17246_2898,0.03349394702398242,1,0,323.5
17270_2886,0.03343253137404101,1,0,322.5
17263_2870,0.03325836838801107,6,0,726.0
17235_2907,0.03318112697668324,4,0,622.5
17264_2867,0.03250025801818163,2,0,463.0
17235_2905,0.031376309819787104,6,0,723.0
17243_2873,0.03127791807325686,1,0,317.5
17220_2871,0.031169502521426626,1,0,316.5
17244_2860,0.031106176579881403,1,0,315.5
17251_2903,0.030912321847182088,9,0,831.5
17243_2871,0.030843226961225986,2,0,457.0
17241_2900,0.030805220768890005,1,0,312.5
17269_2890,0.02989580742520366,2,0,455.0
17255_2868,0.029828629543098208,5,0,671.0
17214_2902,0.029660237145938434,8,0,791.5
17244_2873,0.02943897576249281,5,0,669.0
17255_2867,0.029392688313946626,7,1,750.0
17265_2878,0.02919174115988797,2,0,450.0
17243_2869,0.02836748812040426,1,0,305.5
17270_2889,0.02822834306210237,7,0,747.0
17251_2906,0.027695194925446295,4,0,605.5
17245_2898,0.027323406202335105,1,0,302.5
17249_2919,0.02726113220240368,1,0,301.5
17253_2897,0.02711533713231621,2,0,444.0
17260_2883,0.026909360885708798,3,0,530.5
17224_2893,0.026877445454446612,2,0,442.0
17268_2925,0.026737501155005252,1,0,297.5
17269_2925,0.02673617492295995,1,0,296.5
17255_2891,0.02597774193146873,2,0,439.0
17252_2906,0.025312433070733064,4,0,596.5
17267_2875,0.025080208330485056,1,0,293.5
17243_2893,0.024888814237108838,4,1,594.5
17227_2897,0.024143738758760365,4,0,593.5
17238_2916,0.024078209652993413,2,0,434.0
17267_2891,0.023533810912383296,1,1,289.5
17264_2889,0.023369788576835894,1,0,288.5
17245_2893,0.023301344255256765,4,0,589.5
17225_2895,0.022966664623690496,2,0,430.0
17279_2886,0.022599972415768714,4,0,587.5
17259_2856,0.022243550393237894,4,0,586.5
17234_2905,0.022055572199788473,3,0,514.5
17227_2890,0.021821451493260986,4,0,584.5
17247_2868,0.02180736317661512,1,0,281.5
17253_2929,0.02160708959193255,1,0,280.5
17276_2901,0.021586864720335424,2,0,423.0
17236_2889,0.021314224139920977,22,0,1030.5
17239_2915,0.02096255868078815,2,0,421.0
17255_2864,0.020909839058566533,3,0,507.5
17233_2907,0.0206072843857959,8,0,757.5
17260_2855,0.02002993354486594,1,0,274.5
17235_2866,0.019779155399144325,1,0,273.5
17230_2876,0.019771000432319052,5,0,633.0
17252_2909,0.019634152062527267,3,0,502.5
17235_2877,0.01961595478308118,17,0,952.0
17236_2896,0.019278625489744294,18,1,967.0
17248_2898,0.01871490390672542,2,0,412.0
17265_2871,0.018592327103361027,3,0,498.5
17261_2883,0.018441230447742575,1,0,266.5
17250_2887,0.018007649498209214,2,1,409.0
17277_2885,0.017738884863274514,7,0,707.0
17278_2881,0.0176098427101941,1,0,263.5
17222_2882,0.017332396725819838,2,0,406.0
17229_2861,0.016932574678343193,2,0,405.0
17222_2898,0.016471679535520936,1,0,260.5
17246_2864,0.016447186336267145,1,0,259.5
17240_2865,0.016298036787549493,2,0,402.0
17243_2907,0.014958258362916544,1,0,257.5
17236_2906,0.014631585057670374,2,0,400.0
17244_2876,0.014226188198425964,3,0,486.5
17279_2862,0.014224501381491056,1,0,254.5
17274_2897,0.014011614068815039,1,0,253.5
17265_2931,0.01399633195692472,1,0,252.5
17265_2933,0.013989391053542605,1,0,251.5
17232_2875,0.013489189995520415,8,0,732.5
17228_2861,0.013389221988771339,1,0,249.5
17277_2883,0.01337770964306223,4,1,550.5
17237_2856,0.013276791546338328,1,0,247.5
17219_2892,0.01270090757987705,3,0,477.5
17262_2868,0.012450096120100757,6,0,650.0
17223_2877,0.012307671073819759,7,0,687.0
17248_2881,0.012059259571874861,2,0,387.0
17250_2915,0.011975733735943943,9,0,759.5
17270_2865,0.01197407271119707,1,0,241.5
17244_2894,0.011700196727986969,2,0,384.0
17249_2904,0.011676302555504045,6,0,644.0
17223_2890,0.01150992808592354,1,0,238.5
17223_2883,0.011196828960322558,1,0,237.5
17245_2875,0.011080725158338788,2,1,380.0
17242_2889,0.011008888419882424,3,0,466.5
17224_2867,0.010974668452396363,3,1,465.5
17226_2888,0.010676142317458844,1,0,233.5
17261_2929,0.010579907133102745,4,0,534.5
17247_2858,0.010549798921280334,1,0,231.5
17258_2892,0.00999353874406288,3,0,461.5
17230_2868,0.009757305109340645,3,0,460.5
17226_2893,0.009742943779539487,1,0,228.5
17240_2902,0.00959015561856615,2,0,371.0
17239_2904,0.00952158838148221,3,0,457.5
17220_2891,0.009325622737766853,4,0,527.5
17219_2907,0.009251189420852261,19,0,939.5
17256_2901,0.008967864665667312,3,0,454.5
17229_2891,0.008510209092595016,5,1,583.0
17258_2880,0.008496366029823553,1,0,221.5
17218_2892,0.008470212765899113,2,0,364.0
17220_2882,0.008285290995262205,3,0,450.5
17271_2875,0.008007157824291072,2,0,362.0
17231_2886,0.007942104009180778,1,0,217.5
17267_2883,0.007877757704286573,1,0,216.5
17221_2877,0.007866764327892182,2,0,359.0
17234_2908,0.00782130052101736,1,0,214.5
17240_2910,0.007780625127506562,5,1,574.0
17240_2867,0.007761109300970253,3,1,443.5
17223_2889,0.0076559957578929486,2,0,355.0
17238_2891,0.007478372532744608,3,0,441.5
17258_2867,0.007436163056700869,5,0,570.0
17244_2902,0.007197853004702319,2,0,352.0
17265_2846,0.007071134286115967,5,0,568.0
17223_2904,0.007070341366819588,4,0,508.5
17258_2885,0.006966940979606434,1,0,205.5
17272_2927,0.0068803962488104145,1,0,204.5
17245_2867,0.006846012212232167,1,0,203.5
17246_2904,0.006816055861678897,6,0,607.0
17209_2904,0.006646802980081119,5,0,562.0
17239_2873,0.006610652063669543,4,0,502.5
17263_2874,0.006406080856882552,1,0,199.5
17261_2882,0.006318833925441952,2,0,342.0
17246_2895,0.0061715330415458985,3,0,428.5
17239_2891,0.00606380177433176,1,1,196.5
17232_2872,0.006036412950878672,2,0,339.0
17255_2854,0.0059807577640836,1,0,194.5
17252_2914,0.005922011932316163,1,0,193.5
17242_2860,0.005898851044910359,1,0,192.5
17242_2874,0.005561388129467005,2,0,335.0
17247_2896,0.00551376489114268,1,1,190.5
17276_2900,0.005509117346823695,1,0,189.5
17253_2907,0.005500517738521745,2,0,332.0
17218_2878,0.0052757379219061425,3,0,418.5
17229_2902,0.005218903674016989,1,0,186.5
17253_2854,0.00516430989939665,1,0,185.5
17265_2894,0.005068871879191072,3,0,415.5
17231_2862,0.004923421056432668,1,0,183.5
17248_2894,0.004887166816873515,1,0,182.5
17259_2891,0.00467642012273522,2,0,325.0
17249_2869,0.0045617847659992225,1,0,180.5
17251_2865,0.004545296269244323,1,0,179.5
17220_2885,0.00445489559660641,1,0,178.5
17222_2904,0.0042397454449970996,6,0,582.0
17247_2876,0.0040714623967007275,3,0,407.5
17231_2871,0.003962757548188507,1,0,175.5
17260_2885,0.003895326242285342,1,0,174.5
17247_2867,0.003841598462181139,1,0,173.5
17246_2897,0.0037659121085443954,2,0,316.0
17217_2878,0.003660989867564742,3,0,402.5
17231_2873,0.0034136543946340536,1,0,170.5
17232_2880,0.0031843111401587644,3,0,400.5
17250_2881,0.003166681458708367,1,0,168.5
17238_2873,0.0031535945607969063,6,0,572.0
17221_2880,0.003129813517015217,4,0,468.5
17268_2942,0.0031231587057836325,1,0,165.5
17250_2916,0.003105370830615353,7,0,607.0
17267_2890,0.0030969332749576865,1,0,163.5
17218_2872,0.0030794818023162336,8,0,644.5
17235_2889,0.0030556116288642686,5,0,522.0
17238_2892,0.003014552612373999,4,0,462.5
17250_2895,0.0029684835838307663,1,0,159.5
17233_2903,0.0029472094817302673,1,0,158.5
17246_2866,0.002924781846134407,1,0,157.5
17222_2905,0.0029048346674943187,5,0,517.0
17265_2847,0.0028282432713283533,2,0,299.0
17232_2887,0.0027445815582425996,1,0,154.5
17249_2881,0.002703103212364282,1,0,153.5
17224_2887,0.0026981467096108963,1,0,152.5
17225_2869,0.0026078074020991944,4,0,453.5
17236_2877,0.0025783206206118877,4,0,452.5
17260_2891,0.0025575334759478847,1,0,149.5
17248_2896,0.002507910795396548,1,0,148.5
17224_2896,0.0025010781014864593,1,0,147.5
17258_2888,0.0024861116296133893,1,0,146.5
17217_2870,0.0024483170566737887,4,0,447.5
17246_2914,0.0024325730629674125,5,0,505.0
17247_2912,0.0023364529390946464,2,0,287.0
17247_2870,0.0023217236239749706,2,0,286.0
17272_2884,0.002279503511836005,5,1,502.0
17230_2865,0.0022527650829207635,1,0,140.5
17244_2926,0.0022077244270571807,2,0,283.0
17244_2897,0.002185296771269777,1,0,138.5
17219_2891,0.0019256499481915277,1,0,137.5
17241_2877,0.0019153615491434859,1,0,136.5
17222_2902,0.0017170913601751452,3,0,366.5
17229_2889,0.0016687238641288904,1,0,134.5
17219_2886,0.0016511039119192273,1,0,133.5
17254_2886,0.0015513763651552547,1,0,132.5
17237_2859,0.0015339562942433514,2,0,275.0
17262_2854,0.001449668594437495,1,0,130.5
17259_2885,0.001235424134453019,1,0,129.5
17226_2902,0.001230766218386204,2,0,272.0
17249_2877,0.0012305749934295343,2,0,271.0
17223_2896,0.001197880306836283,2,0,270.0
17247_2911,0.001166460399349028,1,0,125.5
17224_2899,0.0010604423848153246,1,0,124.5
17255_2877,0.0009699305517650622,2,0,267.0
17244_2903,0.000881583058972886,1,0,122.5
17230_2861,0.0008793993022039137,1,0,121.5
17214_2866,0.0008098493075032304,1,0,120.5
17254_2867,0.000763315620432849,1,0,119.5
17262_2884,0.0007500663597649793,1,0,118.5
17230_2863,0.0007103423236052255,1,0,117.5
17217_2872,0.0006989133429564884,1,0,116.5
17257_2853,0.0006631801037126726,1,0,115.5
17223_2903,0.0006629827580501765,1,0,114.5
17212_2865,0.0006122774269618946,1,0,113.5
17247_2916,0.000599148154858461,1,0,112.5
17218_2888,0.0005740697863963717,1,0,111.5
17220_2888,0.0005722502323392155,1,0,110.5
17229_2867,0.0005657306216946458,1,0,109.5
17257_2871,0.0005624289735750701,1,0,108.5
17252_2892,0.0005313229431872453,1,0,107.5
17252_2879,0.0005200327763508708,1,1,106.5
17255_2855,0.0005192594935546514,1,0,105.5
17227_2893,0.00039840663920365845,1,0,104.5
17230_2896,0.00039745918034226534,1,0,103.5
17223_2905,0.000392502393260891,1,0,102.5
17229_2887,0.00037465846722155365,1,0,101.5
17226_2867,0.000372508884541054,1,0,100.5
17250_2902,0.00036755318582295426,1,0,99.5
17258_2897,0.0003664427265844463,1,0,98.5
17218_2871,0.00034896900622281266,1,0,97.5
